show_id,country_name
"s1","United States"
"s2","South Africa"
"s5","India"
"s8","United States"
"s8","Ghana"
"s8","Burkina Faso"
"s8","United Kingdom"
"s8","Germany"
"s8","Ethiopia"
"s9","United Kingdom"
"s10","United States"
"s13","Germany"
"s13","Czech Republic"
"s16","United States"
"s18","Mexico"
"s22","Turkey"
"s25","India"
"s26","Australia"
"s28","United States"
"s29","United States"
"s30","United States"
"s30","India"
"s30","France"
"s33","United Kingdom"
"s38","Finland"
"s39","China"
"s39","Canada"
"s39","United States"
"s40","India"
"s41","United States"
"s42","United States"
"s43","United States"
"s44","United States"
"s45","United States"
"s47","South Africa"
"s47","United States"
"s47","Japan"
"s49","United States"
"s50","Nigeria"
"s51","India"
"s52","Japan"
"s53","Japan"
"s54","Japan"
"s55","Japan"
"s56","United States"
"s57","Japan"
"s58","Japan"
"s59","Japan"
"s60","Japan"
"s61","Japan"
"s62","Japan"
"s63","Japan"
"s64","Japan"
"s66","United Kingdom"
"s67","India"
"s68","United States"
"s70","India"
"s73","United Kingdom"
"s74","Nigeria"
"s77","Japan"
"s82","United States"
"s83","United States"
"s85","Nigeria"
"s91","Spain"
"s91","United States"
"s92","France"
"s93","Belgium"
"s95","United Kingdom"
"s95","United States"
"s96","United States"
"s96","United Kingdom"
"s97","United States"
"s98","United States"
"s99","United Kingdom"
"s100","France"
"s100","United States"
"s102","United States"
"s105","South Korea"
"s106","India"
"s107","United States"
"s108","United States"
"s109","Australia"
"s110","Spain"
"s112","United States"
"s112","Singapore"
"s115","India"
"s116","United Kingdom"
"s116","Australia"
"s116","France"
"s117","India"
"s118","United Kingdom"
"s118","United States"
"s119","India"
"s121","Australia"
"s123","United Kingdom"
"s123","Australia"
"s123","France"
"s123","United States"
"s125","South Korea"
"s126","United States"
"s127","India"
"s128","United States"
"s128","Canada"
"s130","Germany"
"s130","United States"
"s132","United States"
"s134","South Africa"
"s134","United States"
"s135","United States"
"s135","Mexico"
"s136","United States"
"s136","Italy"
"s136","France"
"s136","Japan"
"s137","United States"
"s137","Italy"
"s137","Romania"
"s137","United Kingdom"
"s138","Australia"
"s138","United States"
"s139","United States"
"s140","United States"
"s141","Argentina"
"s141","Venezuela"
"s142","United States"
"s142","United Kingdom"
"s142","Canada"
"s143","Germany"
"s143","United States"
"s144","United States"
"s145","United States"
"s146","United States"
"s147","United States"
"s150","United States"
"s151","United States"
"s152","China"
"s152","Hong Kong"
"s153","United States"
"s154","Russia"
"s155","Japan"
"s156","United Kingdom"
"s156","United States"
"s157","United States"
"s158","Canada"
"s159","United States"
"s160","Hong Kong"
"s161","United States"
"s162","United States"
"s163","United States"
"s163","China"
"s163","Hong Kong"
"s164","United States"
"s165","United States"
"s167","Italy"
"s167","United States"
"s168","United States"
"s168","Canada"
"s169","United States"
"s170","United States"
"s171","United States"
"s172","United States"
"s173","United States"
"s173","Germany"
"s174","United States"
"s175","United States"
"s176","United States"
"s177","United States"
"s178","United Kingdom"
"s178","United States"
"s179","United States"
"s180","United States"
"s183","United States"
"s184","United States"
"s185","United States"
"s189","France"
"s191","India"
"s192","United Kingdom"
"s192","Canada"
"s192","United States"
"s193","India"
"s194","South Korea"
"s196","India"
"s199","Nigeria"
"s200","India"
"s201","India"
"s202","India"
"s203","India"
"s204","India"
"s205","India"
"s206","India"
"s207","India"
"s208","India"
"s209","India"
"s210","India"
"s211","India"
"s212","India"
"s213","Ireland"
"s216","India"
"s217","India"
"s218","India"
"s220","Japan"
"s221","United States"
"s228","United States"
"s229","United States"
"s229","United Kingdom"
"s230","United States"
"s232","United States"
"s233","United States"
"s234","United Kingdom"
"s242","United States"
"s248","United States"
"s252","United States"
"s254","India"
"s255","United States"
"s260","India"
"s260","Nepal"
"s264","United States"
"s265","United States"
"s266","Japan"
"s267","India"
"s268","New Zealand"
"s268","Australia"
"s268","France"
"s268","United States"
"s270","Italy"
"s271","Italy"
"s271","Brazil"
"s271","Greece"
"s272","United States"
"s273","United States"
"s274","France"
"s275","United States"
"s276","Argentina"
"s277","Spain"
"s278","Jordan"
"s279","Colombia"
"s280","United States"
"s280","Japan"
"s281","United States"
"s282","Nigeria"
"s283","Mexico"
"s284","Belgium"
"s284","United Kingdom"
"s285","United Kingdom"
"s285","United States"
"s286","Switzerland"
"s286","United Kingdom"
"s286","Australia"
"s287","United States"
"s289","Colombia"
"s290","South Korea"
"s291","United States"
"s292","Japan"
"s293","United Kingdom"
"s294","South Africa"
"s296","United States"
"s297","Israel"
"s297","United States"
"s298","India"
"s299","Nigeria"
"s300","France"
"s301","Canada"
"s301","United States"
"s302","India"
"s303","Brazil"
"s304","Argentina"
"s305","United Kingdom"
"s306","Argentina"
"s306","Spain"
"s307","Nigeria"
"s308","United States"
"s309","United States"
"s311","United States"
"s312","Mexico"
"s313","United States"
"s314","Taiwan"
"s315","United States"
"s316","United States"
"s316","Nigeria"
"s317","Taiwan"
"s318","United States"
"s320","Taiwan"
"s322","Taiwan"
"s323","Taiwan"
"s324","United States"
"s325","Italy"
"s326","United States"
"s327","United States"
"s328","United States"
"s328","United Kingdom"
"s329","Bulgaria"
"s329","United States"
"s330","United States"
"s330","Canada"
"s331","United States"
"s331","Canada"
"s333","United States"
"s333","Mexico"
"s334","United States"
"s335","United States"
"s336","United States"
"s338","United States"
"s338","Canada"
"s339","Japan"
"s341","United States"
"s341","United Kingdom"
"s342","United States"
"s343","United States"
"s344","United States"
"s345","United States"
"s346","United States"
"s346","Canada"
"s347","United States"
"s348","Spain"
"s348","United Kingdom"
"s348","United States"
"s349","United Kingdom"
"s349","United States"
"s350","United States"
"s351","United States"
"s352","United States"
"s352","Germany"
"s353","United States"
"s353","China"
"s354","United States"
"s355","United States"
"s356","United States"
"s357","United States"
"s357","France"
"s358","Spain"
"s358","France"
"s358","United Kingdom"
"s358","United States"
"s359","United States"
"s360","United States"
"s361","United States"
"s362","United States"
"s366","France"
"s366","Algeria"
"s367","United Kingdom"
"s371","United States"
"s375","Nigeria"
"s378","Poland"
"s379","United States"
"s381","United States"
"s383","United States"
"s384","India"
"s386","Germany"
"s387","United States"
"s387","Canada"
"s390","France"
"s390","Israel"
"s390","Germany"
"s390","United States"
"s390","United Kingdom"
"s391","United States"
"s392","Canada"
"s392","United States"
"s393","United States"
"s394","Australia"
"s402","Spain"
"s403","United Kingdom"
"s404","United States"
"s411","India"
"s416","India"
"s426","United States"
"s427","New Zealand"
"s430","Nigeria"
"s434","United States"
"s435","Argentina"
"s437","Saudi Arabia"
"s438","United States"
"s440","Thailand"
"s441","United States"
"s443","United States"
"s443","Canada"
"s446","United States"
"s447","United States"
"s448","United States"
"s449","United States"
"s450","United States"
"s451","United States"
"s452","United States"
"s453","Indonesia"
"s454","Japan"
"s457","South Korea"
"s458","Egypt"
"s458","Denmark"
"s458","Germany"
"s460","United States"
"s461","United States"
"s461","Canada"
"s463","United States"
"s464","Italy"
"s470","United States"
"s470","Canada"
"s473","United States"
"s474","United States"
"s475","United States"
"s475","Switzerland"
"s478","United States"
"s479","Germany"
"s487","Hong Kong"
"s487","Canada"
"s487","United States"
"s489","United States"
"s490","Kuwait"
"s490","United States"
"s492","United States"
"s493","United States"
"s494","United States"
"s494","Japan"
"s495","United States"
"s497","France"
"s497","Canada"
"s497","United States"
"s497","Spain"
"s500","United States"
"s503","Nigeria"
"s504","Poland"
"s507","Australia"
"s509","France"
"s509","Netherlands"
"s509","Singapore"
"s510","United States"
"s511","Canada"
"s512","United States"
"s513","France"
"s513","Belgium"
"s514","United States"
"s515","United Kingdom"
"s516","United Kingdom"
"s517","Thailand"
"s518","Japan"
"s519","India"
"s520","United Kingdom"
"s521","United States"
"s522","Canada"
"s523","Russia"
"s524","United Kingdom"
"s525","Japan"
"s526","United States"
"s526","Canada"
"s527","United States"
"s528","Ireland"
"s528","United States"
"s528","United Kingdom"
"s529","India"
"s530","Egypt"
"s531","United States"
"s532","Malaysia"
"s533","United States"
"s534","Israel"
"s535","Indonesia"
"s536","Canada"
"s537","Australia"
"s538","Japan"
"s539","United Kingdom"
"s540","Australia"
"s540","New Zealand"
"s541","United Kingdom"
"s541","Germany"
"s542","India"
"s543","India"
"s544","Belgium"
"s544","Netherlands"
"s545","Canada"
"s546","South Korea"
"s548","United States"
"s549","United States"
"s552","India"
"s554","France"
"s555","Nigeria"
"s556","South Korea"
"s556","Czech Republic"
"s557","South Korea"
"s558","Australia"
"s558","United States"
"s559","United States"
"s560","United States"
"s560","Germany"
"s562","United States"
"s563","United States"
"s564","United States"
"s565","United States"
"s566","Australia"
"s566","Germany"
"s567","United States"
"s567","Germany"
"s568","United States"
"s569","United States"
"s570","Vietnam"
"s573","United Kingdom"
"s573","Belgium"
"s574","United States"
"s574","China"
"s575","United States"
"s575","China"
"s576","United States"
"s577","United Kingdom"
"s577","Australia"
"s577","United States"
"s579","France"
"s579","Japan"
"s579","United States"
"s580","United States"
"s582","United States"
"s583","United States"
"s584","United States"
"s584","United Kingdom"
"s585","United States"
"s586","United Kingdom"
"s586","United States"
"s589","United States"
"s590","United Kingdom"
"s592","United States"
"s593","United States"
"s594","United States"
"s595","United States"
"s595","Germany"
"s596","Germany"
"s596","United States"
"s597","United States"
"s598","United States"
"s599","United States"
"s599","United Kingdom"
"s600","United States"
"s601","United States"
"s602","United States"
"s603","United States"
"s604","United States"
"s605","United Kingdom"
"s605","Germany"
"s605","Spain"
"s605","United States"
"s606","United States"
"s607","United Kingdom"
"s607","United States"
"s607","France"
"s607","Italy"
"s608","United States"
"s609","United States"
"s609","Germany"
"s609","Canada"
"s610","United States"
"s610","France"
"s610","Italy"
"s610","United Kingdom"
"s611","United States"
"s611","United Kingdom"
"s611","Germany"
"s611","Hungary"
"s612","United States"
"s612","Canada"
"s613","United States"
"s613","New Zealand"
"s614","Nigeria"
"s615","United States"
"s615","New Zealand"
"s616","United States"
"s618","Sweden"
"s619","United States"
"s621","United States"
"s623","United States"
"s626","Mexico"
"s628","China"
"s629","United States"
"s631","United States"
"s632","Japan"
"s635","France"
"s636","Lebanon"
"s637","United States"
"s637","Canada"
"s639","United States"
"s643","Japan"
"s644","United States"
"s649","United States"
"s651","Brazil"
"s652","Nigeria"
"s655","Romania"
"s656","Romania"
"s657","Romania"
"s658","United States"
"s660","Thailand"
"s661","United States"
"s662","France"
"s663","United States"
"s665","Spain"
"s666","Finland"
"s666","Germany"
"s668","United States"
"s669","United States"
"s670","Spain"
"s674","Argentina"
"s675","United States"
"s676","Japan"
"s677","United States"
"s678","Canada"
"s678","United States"
"s679","United States"
"s680","Thailand"
"s681","United States"
"s682","United Kingdom"
"s683","Australia"
"s685","Spain"
"s686","United States"
"s687","South Korea"
"s689","Nigeria"
"s695","Lebanon"
"s695","Syria"
"s697","Canada"
"s697","United States"
"s699","Philippines"
"s700","Iceland"
"s702","Canada"
"s703","United States"
"s704","Turkey"
"s706","Germany"
"s709","United States"
"s710","Argentina"
"s712","Italy"
"s714","United States"
"s717","United States"
"s719","United States"
"s720","United States"
"s722","United States"
"s723","United States"
"s724","United States"
"s725","United States"
"s725","United Kingdom"
"s727","United States"
"s728","United States"
"s729","United States"
"s732","South Korea"
"s734","Denmark"
"s735","France"
"s735","United States"
"s736","India"
"s737","United States"
"s737","India"
"s738","Philippines"
"s738","Singapore"
"s738","Indonesia"
"s740","China"
"s740","United States"
"s740","Canada"
"s741","United States"
"s742","Lebanon"
"s742","United Arab Emirates"
"s743","Vietnam"
"s744","Canada"
"s744","United States"
"s744","Denmark"
"s745","Colombia"
"s746","United Arab Emirates"
"s747","United States"
"s748","Nigeria"
"s749","United States"
"s750","United States"
"s751","Mexico"
"s751","France"
"s751","Colombia"
"s753","United States"
"s753","United Kingdom"
"s754","Colombia"
"s755","United Kingdom"
"s755","United States"
"s756","Netherlands"
"s757","Nigeria"
"s758","United States"
"s759","United Kingdom"
"s763","South Korea"
"s764","United States"
"s765","South Africa"
"s766","Spain"
"s767","Mexico"
"s768","Japan"
"s769","Sweden"
"s770","Argentina"
"s771","United Arab Emirates"
"s773","Italy"
"s774","Philippines"
"s775","United States"
"s776","United States"
"s777","United States"
"s778","United States"
"s779","Japan"
"s780","United States"
"s781","United Kingdom"
"s783","Canada"
"s783","United States"
"s784","Brazil"
"s785","United States"
"s785","Canada"
"s786","United States"
"s787","United States"
"s788","United States"
"s789","United States"
"s790","United Kingdom"
"s791","United States"
"s792","United States"
"s793","United States"
"s794","United States"
"s795","Nigeria"
"s796","United States"
"s797","United States"
"s798","United States"
"s799","United States"
"s800","United States"
"s801","United States"
"s802","United States"
"s803","Germany"
"s803","United States"
"s803","France"
"s804","Japan"
"s805","Canada"
"s805","United States"
"s809","United States"
"s809","Bulgaria"
"s810","United States"
"s811","United States"
"s813","United States"
"s814","United States"
"s814","Canada"
"s815","United States"
"s817","United Kingdom"
"s817","France"
"s817","Germany"
"s817","United States"
"s818","United States"
"s819","United States"
"s820","United States"
"s821","United Arab Emirates"
"s822","United Kingdom"
"s823","United States"
"s824","United States"
"s825","United States"
"s826","United States"
"s827","United States"
"s829","United States"
"s831","United States"
"s834","Israel"
"s835","United States"
"s837","Thailand"
"s838","Norway"
"s838","Denmark"
"s839","Argentina"
"s840","Syria"
"s840","France"
"s840","Lebanon"
"s840","Qatar"
"s841","Italy"
"s844","Japan"
"s847","United States"
"s849","United States"
"s851","India"
"s854","United States"
"s856","United States"
"s858","Spain"
"s860","Egypt"
"s861","Australia"
"s863","United States"
"s864","United States"
"s866","United States"
"s867","United States"
"s868","United States"
"s869","Canada"
"s869","United States"
"s870","Mexico"
"s871","United States"
"s872","India"
"s873","United States"
"s874","India"
"s875","United Kingdom"
"s877","India"
"s878","India"
"s879","Belgium"
"s879","Netherlands"
"s880","United States"
"s881","United States"
"s881","Czech Republic"
"s882","South Africa"
"s883","Mauritius"
"s884","United States"
"s885","South Korea"
"s886","Canada"
"s886","South Africa"
"s888","Austria"
"s890","United States"
"s891","United States"
"s892","United Kingdom"
"s893","India"
"s895","Mexico"
"s895","Brazil"
"s896","France"
"s896","United States"
"s897","United States"
"s900","Spain"
"s901","United States"
"s902","United States"
"s903","South Korea"
"s904","India"
"s905","United States"
"s906","China"
"s907","Turkey"
"s908","United States"
"s909","United States"
"s910","India"
"s911","United States"
"s912","India"
"s914","India"
"s915","United Kingdom"
"s915","United States"
"s916","Germany"
"s916","France"
"s917","United States"
"s918","United States"
"s919","India"
"s920","United States"
"s921","Mexico"
"s921","United States"
"s922","United States"
"s923","United States"
"s925","United States"
"s927","United States"
"s929","United States"
"s931","United States"
"s932","United States"
"s933","United Kingdom"
"s933","France"
"s933","Spain"
"s933","United States"
"s934","United Kingdom"
"s934","United States"
"s935","United Kingdom"
"s935","Canada"
"s935","United States"
"s936","United States"
"s943","United States"
"s943","Australia"
"s944","United States"
"s945","China"
"s946","United Kingdom"
"s947","United States"
"s947","France"
"s948","United States"
"s948","United Kingdom"
"s948","France"
"s949","United States"
"s950","United States"
"s950","Russia"
"s951","United States"
"s951","United Kingdom"
"s951","New Zealand"
"s952","United States"
"s953","United States"
"s954","United States"
"s955","Canada"
"s956","France"
"s956","United States"
"s957","United States"
"s960","India"
"s963","United States"
"s963","United Kingdom"
"s967","Brazil"
"s969","Poland"
"s970","United States"
"s971","United States"
"s972","Spain"
"s973","Turkey"
"s974","India"
"s975","India"
"s976","United States"
"s977","Turkey"
"s978","Turkey"
"s979","Turkey"
"s980","Turkey"
"s981","Turkey"
"s982","Turkey"
"s983","Turkey"
"s984","Spain"
"s985","Turkey"
"s986","Turkey"
"s987","Turkey"
"s989","Thailand"
"s990","Turkey"
"s991","Turkey"
"s992","Egypt"
"s994","United States"
"s995","Nigeria"
"s996","Turkey"
"s997","Japan"
"s998","Australia"
"s998","United Kingdom"
"s999","India"
"s1000","Germany"
"s1000","United States"
"s1002","Canada"
"s1002","Nigeria"
"s1002","United States"
"s1003","Mexico"
"s1004","Italy"
"s1005","Australia"
"s1012","United States"
"s1013","Mexico"
"s1014","France"
"s1014","United States"
"s1014","United Kingdom"
"s1014","Canada"
"s1015","France"
"s1015","United Kingdom"
"s1016","United States"
"s1017","India"
"s1018","India"
"s1019","India"
"s1020","India"
"s1020","United Kingdom"
"s1021","India"
"s1022","India"
"s1023","India"
"s1024","India"
"s1025","United States"
"s1027","United States"
"s1028","Canada"
"s1028","United States"
"s1028","Mexico"
"s1030","United States"
"s1031","Philippines"
"s1032","Germany"
"s1033","South Korea"
"s1034","United Kingdom"
"s1034","Germany"
"s1034","United States"
"s1035","United States"
"s1036","Czech Republic"
"s1036","United Kingdom"
"s1036","United States"
"s1037","United States"
"s1038","India"
"s1040","United States"
"s1041","Japan"
"s1042","Japan"
"s1043","United States"
"s1044","United States"
"s1045","Japan"
"s1046","United States"
"s1047","United States"
"s1048","Lebanon"
"s1049","United States"
"s1049","France"
"s1050","China"
"s1050","United Kingdom"
"s1051","Japan"
"s1052","Japan"
"s1053","United States"
"s1054","United States"
"s1056","United States"
"s1058","United States"
"s1059","Italy"
"s1059","United Kingdom"
"s1060","United States"
"s1061","United States"
"s1061","India"
"s1062","United States"
"s1063","South Korea"
"s1064","United States"
"s1065","South Korea"
"s1066","Canada"
"s1067","China"
"s1067","Taiwan"
"s1068","Thailand"
"s1069","United States"
"s1070","India"
"s1071","United States"
"s1076","United States"
"s1076","Brazil"
"s1076","Japan"
"s1076","Spain"
"s1076","India"
"s1080","Israel"
"s1080","United States"
"s1081","China"
"s1082","United States"
"s1084","United States"
"s1085","China"
"s1086","South Korea"
"s1087","Nigeria"
"s1088","India"
"s1089","United States"
"s1090","United States"
"s1091","Indonesia"
"s1092","Japan"
"s1094","India"
"s1098","United States"
"s1098","China"
"s1098","United Kingdom"
"s1099","India"
"s1100","Cameroon"
"s1101","United States"
"s1102","United States"
"s1102","Canada"
"s1103","United States"
"s1104","China"
"s1105","United States"
"s1105","Canada"
"s1106","United Kingdom"
"s1106","United States"
"s1107","United States"
"s1108","Nigeria"
"s1109","India"
"s1110","Netherlands"
"s1111","France"
"s1112","United States"
"s1112","United Kingdom"
"s1112","France"
"s1113","United States"
"s1114","United States"
"s1115","India"
"s1116","India"
"s1118","Lebanon"
"s1118","Palestine"
"s1118","Denmark"
"s1118","Qatar"
"s1119","United States"
"s1119","Canada"
"s1120","United States"
"s1120","Canada"
"s1121","Japan"
"s1121","United States"
"s1122","United States"
"s1123","India"
"s1124","Uruguay"
"s1124","Germany"
"s1125","United States"
"s1126","United Kingdom"
"s1127","United States"
"s1128","United States"
"s1129","United States"
"s1130","United Kingdom"
"s1132","Japan"
"s1134","United States"
"s1135","United States"
"s1135","Japan"
"s1136","United States"
"s1137","Indonesia"
"s1138","Egypt"
"s1138","Saudi Arabia"
"s1139","United Kingdom"
"s1139","France"
"s1139","Poland"
"s1139","Germany"
"s1139","United States"
"s1140","United States"
"s1141","United States"
"s1142","India"
"s1143","United States"
"s1144","United States"
"s1145","United States"
"s1145","United Kingdom"
"s1146","Ireland"
"s1146","Switzerland"
"s1146","United Kingdom"
"s1146","France"
"s1146","United States"
"s1147","United States"
"s1147","Mexico"
"s1148","United Kingdom"
"s1149","South Korea"
"s1150","Japan"
"s1151","United States"
"s1152","China"
"s1152","United Kingdom"
"s1153","United States"
"s1154","United Kingdom"
"s1154","South Africa"
"s1154","France"
"s1155","United States"
"s1156","Nigeria"
"s1157","United States"
"s1158","United States"
"s1159","United States"
"s1161","Ireland"
"s1161","United Kingdom"
"s1161","France"
"s1161","Germany"
"s1162","United Kingdom"
"s1163","Turkey"
"s1164","Spain"
"s1165","Spain"
"s1166","India"
"s1167","United Kingdom"
"s1168","Italy"
"s1169","United States"
"s1170","Japan"
"s1171","Russia"
"s1171","United States"
"s1172","United States"
"s1173","South Africa"
"s1174","South Korea"
"s1175","South Korea"
"s1176","United Kingdom"
"s1176","United States"
"s1176","France"
"s1177","Japan"
"s1178","Taiwan"
"s1179","United States"
"s1180","United States"
"s1180","Japan"
"s1182","United States"
"s1183","United Kingdom"
"s1185","China"
"s1186","Nigeria"
"s1187","Japan"
"s1188","United States"
"s1189","Brazil"
"s1190","United States"
"s1191","United Kingdom"
"s1191","United States"
"s1192","United States"
"s1193","United Kingdom"
"s1195","Nigeria"
"s1196","United States"
"s1197","Belgium"
"s1198","United Kingdom"
"s1198","United States"
"s1199","Germany"
"s1200","United States"
"s1201","United States"
"s1202","Egypt"
"s1203","India"
"s1204","United States"
"s1204","India"
"s1204","United Kingdom"
"s1205","United States"
"s1206","United States"
"s1206","United Kingdom"
"s1207","United Kingdom"
"s1209","Turkey"
"s1210","Kenya"
"s1211","South Korea"
"s1212","Turkey"
"s1213","Turkey"
"s1214","United States"
"s1216","Turkey"
"s1217","Turkey"
"s1218","United Kingdom"
"s1219","United States"
"s1220","Turkey"
"s1221","Spain"
"s1221","Argentina"
"s1222","Indonesia"
"s1223","United States"
"s1224","France"
"s1227","Germany"
"s1228","India"
"s1229","India"
"s1229","United Kingdom"
"s1229","France"
"s1229","Qatar"
"s1230","Egypt"
"s1231","India"
"s1232","United States"
"s1233","Colombia"
"s1234","Nigeria"
"s1235","Spain"
"s1237","France"
"s1238","Indonesia"
"s1239","United States"
"s1239","Australia"
"s1240","United States"
"s1241","United States"
"s1242","United States"
"s1243","United States"
"s1244","United States"
"s1245","India"
"s1246","United States"
"s1249","United States"
"s1252","United States"
"s1252","United Kingdom"
"s1253","Germany"
"s1254","United States"
"s1255","United States"
"s1257","United States"
"s1257","Germany"
"s1258","Japan"
"s1259","Belgium"
"s1259","France"
"s1260","United States"
"s1261","Spain"
"s1262","Argentina"
"s1262","Chile"
"s1264","United States"
"s1264","Thailand"
"s1265","United States"
"s1266","India"
"s1267","Chile"
"s1267","Brazil"
"s1268","Germany"
"s1269","United States"
"s1269","Colombia"
"s1270","Indonesia"
"s1271","United States"
"s1271","Colombia"
"s1273","United States"
"s1274","Japan"
"s1275","United States"
"s1276","United States"
"s1278","United States"
"s1279","United States"
"s1280","Canada"
"s1281","United Kingdom"
"s1282","India"
"s1283","India"
"s1284","United States"
"s1285","Canada"
"s1285","United States"
"s1285","United Kingdom"
"s1286","South Korea"
"s1287","Taiwan"
"s1288","United Kingdom"
"s1289","United States"
"s1291","United Kingdom"
"s1291","United States"
"s1292","India"
"s1293","Uruguay"
"s1294","India"
"s1295","Germany"
"s1296","India"
"s1297","South Korea"
"s1298","United States"
"s1299","South Korea"
"s1301","United States"
"s1302","United Kingdom"
"s1303","United States"
"s1304","United States"
"s1305","United States"
"s1306","India"
"s1307","United States"
"s1308","United States"
"s1309","United Kingdom"
"s1310","United States"
"s1311","United States"
"s1312","Nigeria"
"s1313","United Kingdom"
"s1314","United States"
"s1315","United States"
"s1316","Spain"
"s1317","India"
"s1318","United Kingdom"
"s1319","United States"
"s1320","Mexico"
"s1321","Luxembourg"
"s1322","Mexico"
"s1323","Spain"
"s1324","Indonesia"
"s1325","United States"
"s1326","Sweden"
"s1327","Poland"
"s1328","United States"
"s1329","United States"
"s1330","France"
"s1331","United States"
"s1332","United States"
"s1333","United States"
"s1334","United States"
"s1334","Cambodia"
"s1334","Romania"
"s1335","China"
"s1336","United States"
"s1337","France"
"s1338","Bangladesh"
"s1339","Spain"
"s1340","Brazil"
"s1341","Taiwan"
"s1342","United States"
"s1343","South Korea"
"s1344","United States"
"s1345","Italy"
"s1346","China"
"s1347","Poland"
"s1348","Spain"
"s1348","Belgium"
"s1348","United States"
"s1349","United States"
"s1350","Colombia"
"s1351","United States"
"s1352","Mexico"
"s1353","United States"
"s1354","United States"
"s1355","Canada"
"s1356","United States"
"s1357","United States"
"s1358","United Kingdom"
"s1359","United States"
"s1360","United Kingdom"
"s1360","United States"
"s1360","Australia"
"s1361","Philippines"
"s1362","United States"
"s1363","Canada"
"s1363","United States"
"s1363","France"
"s1364","United States"
"s1365","United States"
"s1366","France"
"s1367","Portugal"
"s1367","United States"
"s1368","United States"
"s1369","Spain"
"s1370","United States"
"s1371","United Kingdom"
"s1372","United States"
"s1373","Indonesia"
"s1374","Turkey"
"s1375","United States"
"s1376","United States"
"s1377","India"
"s1378","United States"
"s1379","Australia"
"s1379","United States"
"s1380","Nigeria"
"s1381","United States"
"s1381","United Kingdom"
"s1384","Canada"
"s1385","South Korea"
"s1386","Japan"
"s1387","Portugal"
"s1387","Spain"
"s1388","United States"
"s1388","France"
"s1389","India"
"s1389","United States"
"s1390","United States"
"s1391","United Kingdom"
"s1391","Ireland"
"s1392","United States"
"s1393","Mexico"
"s1394","United States"
"s1395","United States"
"s1396","United States"
"s1397","United States"
"s1398","United Kingdom"
"s1398","Spain"
"s1398","United States"
"s1399","United States"
"s1399","Thailand"
"s1400","United States"
"s1401","United States"
"s1402","United States"
"s1403","United States"
"s1404","Brazil"
"s1405","United States"
"s1406","Hungary"
"s1406","United States"
"s1407","United States"
"s1408","United States"
"s1408","South Korea"
"s1409","United States"
"s1409","Canada"
"s1410","United States"
"s1411","India"
"s1412","United States"
"s1413","South Korea"
"s1414","Indonesia"
"s1415","Indonesia"
"s1416","United States"
"s1417","United States"
"s1418","Argentina"
"s1420","United Kingdom"
"s1421","United States"
"s1422","France"
"s1423","India"
"s1424","India"
"s1425","Canada"
"s1425","United States"
"s1425","Cayman Islands"
"s1426","United States"
"s1427","India"
"s1428","United Kingdom"
"s1429","India"
"s1429","France"
"s1430","India"
"s1431","United States"
"s1432","Turkey"
"s1433","Spain"
"s1434","Indonesia"
"s1435","France"
"s1435","Canada"
"s1436","Canada"
"s1436","Hungary"
"s1436","United States"
"s1438","United States"
"s1439","France"
"s1440","United States"
"s1441","Mexico"
"s1441","United States"
"s1442","India"
"s1444","United States"
"s1445","United States"
"s1446","Norway"
"s1447","United States"
"s1448","United States"
"s1448","Canada"
"s1449","United States"
"s1450","United States"
"s1451","United States"
"s1452","United States"
"s1453","United States"
"s1454","United States"
"s1455","United States"
"s1456","United States"
"s1457","United States"
"s1458","United States"
"s1459","United Kingdom"
"s1460","United States"
"s1461","Mexico"
"s1462","United States"
"s1464","Canada"
"s1464","United Kingdom"
"s1464","United States"
"s1465","United States"
"s1466","United States"
"s1467","United States"
"s1468","United Kingdom"
"s1468","Germany"
"s1468","France"
"s1468","United States"
"s1469","South Korea"
"s1470","United States"
"s1471","United States"
"s1473","India"
"s1474","United States"
"s1475","Indonesia"
"s1476","Indonesia"
"s1477","United States"
"s1478","United States"
"s1479","Denmark"
"s1479","United States"
"s1480","Italy"
"s1481","United Kingdom"
"s1482","Taiwan"
"s1484","South Korea"
"s1485","United States"
"s1486","United States"
"s1486","Canada"
"s1487","United States"
"s1488","Senegal"
"s1489","France"
"s1489","Algeria"
"s1490","India"
"s1491","Canada"
"s1492","India"
"s1493","United States"
"s1494","Philippines"
"s1495","United States"
"s1496","Indonesia"
"s1497","Indonesia"
"s1498","Philippines"
"s1499","United States"
"s1500","United States"
"s1501","Taiwan"
"s1502","United States"
"s1503","United States"
"s1504","South Korea"
"s1505","Netherlands"
"s1506","United States"
"s1507","United Kingdom"
"s1507","Finland"
"s1507","Germany"
"s1507","United States"
"s1507","Australia"
"s1507","Japan"
"s1507","France"
"s1507","Ireland"
"s1508","United Kingdom"
"s1509","United Kingdom"
"s1510","United States"
"s1511","United States"
"s1511","United Kingdom"
"s1512","Egypt"
"s1513","United Kingdom"
"s1514","United States"
"s1515","South Africa"
"s1516","United States"
"s1517","Norway"
"s1518","United States"
"s1520","Malaysia"
"s1521","India"
"s1522","Malaysia"
"s1523","Malaysia"
"s1524","Colombia"
"s1525","Canada"
"s1526","Indonesia"
"s1527","Philippines"
"s1528","Netherlands"
"s1529","South Korea"
"s1530","Philippines"
"s1531","United States"
"s1533","Brazil"
"s1535","Philippines"
"s1535","Canada"
"s1535","United Kingdom"
"s1535","United States"
"s1536","South Africa"
"s1537","United States"
"s1538","United States"
"s1539","United States"
"s1539","Japan"
"s1540","Japan"
"s1541","United States"
"s1542","United Kingdom"
"s1543","India"
"s1544","United States"
"s1545","Canada"
"s1546","United States"
"s1547","United States"
"s1548","United States"
"s1549","United States"
"s1550","Ireland"
"s1550","France"
"s1550","Iceland"
"s1550","United States"
"s1550","Mexico"
"s1550","Belgium"
"s1550","United Kingdom"
"s1550","Hong Kong"
"s1551","United States"
"s1552","United Kingdom"
"s1552","Canada"
"s1552","United States"
"s1553","United States"
"s1554","United States"
"s1555","Lebanon"
"s1556","France"
"s1558","United States"
"s1559","United States"
"s1560","Spain"
"s1561","United States"
"s1562","India"
"s1563","Japan"
"s1564","Canada"
"s1564","United States"
"s1566","Philippines"
"s1567","Philippines"
"s1568","Philippines"
"s1569","Philippines"
"s1570","Saudi Arabia"
"s1571","Egypt"
"s1572","Italy"
"s1573","United States"
"s1574","United States"
"s1575","United States"
"s1576","Singapore"
"s1577","United States"
"s1578","Brazil"
"s1579","Kuwait"
"s1580","United States"
"s1581","United States"
"s1583","United States"
"s1584","South Korea"
"s1585","United States"
"s1587","France"
"s1588","Taiwan"
"s1589","Canada"
"s1590","India"
"s1591","United States"
"s1592","United States"
"s1593","Germany"
"s1594","South Africa"
"s1595","Turkey"
"s1596","United States"
"s1598","United States"
"s1599","Philippines"
"s1600","France"
"s1600","Belgium"
"s1602","Brazil"
"s1603","Philippines"
"s1604","United Kingdom"
"s1605","Iceland"
"s1606","Indonesia"
"s1607","Poland"
"s1608","Germany"
"s1609","United States"
"s1609","France"
"s1609","Serbia"
"s1610","United States"
"s1611","United States"
"s1611","Italy"
"s1612","United States"
"s1613","United States"
"s1614","United Kingdom"
"s1615","Spain"
"s1615","Italy"
"s1616","United States"
"s1617","United States"
"s1618","United States"
"s1619","United States"
"s1619","Ireland"
"s1619","United Kingdom"
"s1619","India"
"s1620","United Kingdom"
"s1620","Singapore"
"s1621","Hong Kong"
"s1621","United States"
"s1622","Australia"
"s1622","United States"
"s1623","United States"
"s1623","Canada"
"s1624","United States"
"s1625","United States"
"s1625","Malta"
"s1625","France"
"s1625","United Kingdom"
"s1626","South Korea"
"s1627","United States"
"s1627","China"
"s1627","Canada"
"s1628","United States"
"s1629","United Kingdom"
"s1630","Philippines"
"s1631","Philippines"
"s1632","United States"
"s1633","United States"
"s1634","United States"
"s1635","South Korea"
"s1636","United States"
"s1637","United States"
"s1638","Spain"
"s1639","India"
"s1640","Australia"
"s1641","Germany"
"s1642","United States"
"s1643","Italy"
"s1644","South Korea"
"s1645","Philippines"
"s1646","United States"
"s1647","United States"
"s1648","Philippines"
"s1649","United Kingdom"
"s1650","Japan"
"s1651","United Kingdom"
"s1651","United States"
"s1652","Canada"
"s1654","India"
"s1655","Nigeria"
"s1656","United States"
"s1657","United States"
"s1658","Argentina"
"s1659","Egypt"
"s1660","United States"
"s1661","United States"
"s1662","South Korea"
"s1663","Egypt"
"s1664","United States"
"s1665","United States"
"s1665","Russia"
"s1666","Kenya"
"s1667","United States"
"s1668","China"
"s1670","United States"
"s1671","India"
"s1672","United States"
"s1673","United States"
"s1674","India"
"s1675","India"
"s1676","India"
"s1677","India"
"s1678","Philippines"
"s1679","India"
"s1680","India"
"s1681","India"
"s1682","United States"
"s1683","Philippines"
"s1684","India"
"s1685","United States"
"s1686","United States"
"s1686","Japan"
"s1687","United States"
"s1688","United States"
"s1689","United States"
"s1690","United Kingdom"
"s1690","United States"
"s1691","United States"
"s1692","United States"
"s1692","Canada"
"s1693","United States"
"s1694","Japan"
"s1695","United States"
"s1696","Canada"
"s1697","Canada"
"s1697","United States"
"s1697","Ireland"
"s1698","United States"
"s1699","United Kingdom"
"s1699","United States"
"s1700","United States"
"s1701","United States"
"s1702","United States"
"s1703","India"
"s1704","United States"
"s1705","Brazil"
"s1706","Italy"
"s1707","Spain"
"s1708","Philippines"
"s1709","Turkey"
"s1710","Philippines"
"s1711","United States"
"s1712","South Korea"
"s1713","India"
"s1714","Argentina"
"s1715","United States"
"s1715","Canada"
"s1716","Brazil"
"s1717","Australia"
"s1718","United States"
"s1719","United States"
"s1720","Lebanon"
"s1720","Canada"
"s1720","France"
"s1721","Austria"
"s1722","United States"
"s1723","United States"
"s1725","Japan"
"s1725","Canada"
"s1725","United States"
"s1726","Nigeria"
"s1727","United States"
"s1728","Taiwan"
"s1729","Spain"
"s1729","France"
"s1729","Canada"
"s1730","United States"
"s1731","Australia"
"s1732","United States"
"s1733","Philippines"
"s1734","Argentina"
"s1735","Canada"
"s1736","Philippines"
"s1737","United States"
"s1738","Egypt"
"s1739","Canada"
"s1740","Canada"
"s1741","Sweden"
"s1742","India"
"s1743","Germany"
"s1744","Japan"
"s1747","Canada"
"s1748","Canada"
"s1748","United States"
"s1749","United States"
"s1750","United States"
"s1751","United States"
"s1752","United States"
"s1753","United States"
"s1754","Canada"
"s1755","United States"
"s1756","United States"
"s1757","United States"
"s1758","United States"
"s1759","Canada"
"s1760","Denmark"
"s1760","Singapore"
"s1760","Canada"
"s1760","United States"
"s1761","United States"
"s1761","France"
"s1761","Denmark"
"s1762","United States"
"s1763","United States"
"s1763","China"
"s1763","Colombia"
"s1764","United States"
"s1765","United Kingdom"
"s1765","France"
"s1765","Germany"
"s1765","United States"
"s1766","France"
"s1766","United States"
"s1767","South Korea"
"s1768","Spain"
"s1768","Thailand"
"s1768","United States"
"s1769","United States"
"s1770","South Korea"
"s1771","United States"
"s1772","Brazil"
"s1773","Norway"
"s1774","Australia"
"s1775","United States"
"s1776","United Kingdom"
"s1777","Nigeria"
"s1778","India"
"s1780","United States"
"s1781","France"
"s1782","United States"
"s1783","Italy"
"s1784","Mexico"
"s1784","Spain"
"s1785","Philippines"
"s1786","United States"
"s1788","United States"
"s1789","Poland"
"s1790","United States"
"s1791","United States"
"s1792","United States"
"s1793","Argentina"
"s1794","United States"
"s1795","Taiwan"
"s1796","India"
"s1797","Ireland"
"s1797","Luxembourg"
"s1797","Belgium"
"s1798","Australia"
"s1799","Brazil"
"s1800","Germany"
"s1801","United States"
"s1802","China"
"s1802","United States"
"s1803","United States"
"s1804","Spain"
"s1805","United States"
"s1806","United States"
"s1807","Norway"
"s1808","Philippines"
"s1809","United Kingdom"
"s1810","Philippines"
"s1811","Canada"
"s1811","Belgium"
"s1812","United States"
"s1813","Canada"
"s1813","United Kingdom"
"s1814","United States"
"s1815","United Kingdom"
"s1816","Canada"
"s1817","United States"
"s1818","Lebanon"
"s1819","Lebanon"
"s1820","Lebanon"
"s1821","Lebanon"
"s1821","United Arab Emirates"
"s1821","France"
"s1821","Switzerland"
"s1821","Germany"
"s1822","Lebanon"
"s1823","France"
"s1823","Belgium"
"s1823","Italy"
"s1824","Lebanon"
"s1825","Lebanon"
"s1825","United States"
"s1825","United Arab Emirates"
"s1826","Lebanon"
"s1826","France"
"s1827","France"
"s1827","Lebanon"
"s1828","France"
"s1828","Lebanon"
"s1828","United Kingdom"
"s1830","France"
"s1830","Norway"
"s1830","Lebanon"
"s1830","Belgium"
"s1831","Lebanon"
"s1832","Lebanon"
"s1832","Canada"
"s1832","France"
"s1833","Sweden"
"s1833","Czech Republic"
"s1833","United Kingdom"
"s1833","Denmark"
"s1833","Netherlands"
"s1834","United States"
"s1835","South Korea"
"s1836","United Kingdom"
"s1837","Kenya"
"s1838","United States"
"s1839","United States"
"s1840","France"
"s1841","Mexico"
"s1841","Spain"
"s1842","United States"
"s1843","United States"
"s1843","United Kingdom"
"s1843","India"
"s1844","United States"
"s1844","Russia"
"s1845","United States"
"s1846","United States"
"s1847","Egypt"
"s1848","United Kingdom"
"s1849","United States"
"s1850","Indonesia"
"s1850","Netherlands"
"s1851","Indonesia"
"s1852","United States"
"s1853","United States"
"s1854","India"
"s1855","United States"
"s1856","Taiwan"
"s1857","United States"
"s1858","Mexico"
"s1859","India"
"s1860","United Kingdom"
"s1861","United States"
"s1862","India"
"s1863","India"
"s1864","India"
"s1865","United States"
"s1866","India"
"s1867","India"
"s1868","United States"
"s1869","United States"
"s1870","India"
"s1871","Turkey"
"s1871","South Korea"
"s1872","Canada"
"s1873","United States"
"s1874","United States"
"s1875","France"
"s1876","South Korea"
"s1877","Argentina"
"s1878","South Korea"
"s1879","United States"
"s1879","Canada"
"s1880","United States"
"s1881","Russia"
"s1882","United States"
"s1883","United Kingdom"
"s1884","Canada"
"s1885","United States"
"s1886","India"
"s1887","United States"
"s1887","United Kingdom"
"s1888","Canada"
"s1889","Turkey"
"s1892","Turkey"
"s1894","United States"
"s1895","United States"
"s1896","Australia"
"s1897","Nigeria"
"s1898","India"
"s1899","Italy"
"s1900","Turkey"
"s1901","United States"
"s1902","Mexico"
"s1903","Malaysia"
"s1904","Serbia"
"s1904","United States"
"s1905","United States"
"s1906","South Africa"
"s1907","United States"
"s1908","South Korea"
"s1909","Japan"
"s1910","United States"
"s1911","Brazil"
"s1912","United States"
"s1913","New Zealand"
"s1914","United States"
"s1914","Mexico"
"s1916","Germany"
"s1916","Czech Republic"
"s1917","United States"
"s1917","United Kingdom"
"s1918","Argentina"
"s1919","Japan"
"s1921","Saudi Arabia"
"s1922","United States"
"s1922","Bulgaria"
"s1923","United States"
"s1924","United States"
"s1925","United States"
"s1926","Mexico"
"s1927","United States"
"s1928","Namibia"
"s1929","Japan"
"s1930","United States"
"s1931","United Kingdom"
"s1931","Kenya"
"s1932","United States"
"s1933","United States"
"s1934","Australia"
"s1935","United States"
"s1936","United States"
"s1937","United States"
"s1938","South Africa"
"s1938","United States"
"s1939","India"
"s1940","India"
"s1941","India"
"s1942","India"
"s1943","India"
"s1944","India"
"s1945","India"
"s1946","India"
"s1947","India"
"s1948","United States"
"s1949","United States"
"s1950","United States"
"s1951","India"
"s1952","Germany"
"s1955","United States"
"s1956","South Korea"
"s1958","United States"
"s1958","India"
"s1959","United States"
"s1960","United Kingdom"
"s1961","United States"
"s1962","United States"
"s1963","United States"
"s1964","Japan"
"s1965","Japan"
"s1966","Japan"
"s1967","Japan"
"s1968","Japan"
"s1970","Japan"
"s1971","Egypt"
"s1972","India"
"s1973","India"
"s1975","India"
"s1976","India"
"s1977","India"
"s1978","India"
"s1979","United States"
"s1980","United States"
"s1981","United States"
"s1982","Indonesia"
"s1983","India"
"s1985","France"
"s1986","United Kingdom"
"s1988","United States"
"s1989","Germany"
"s1990","Italy"
"s1991","United States"
"s1992","United Kingdom"
"s1992","France"
"s1992","Germany"
"s1992","Spain"
"s1994","Poland"
"s1995","United States"
"s1996","United States"
"s1997","Spain"
"s1998","United Kingdom"
"s1998","France"
"s1998","United States"
"s1998","Belgium"
"s1998","Luxembourg"
"s1998","China"
"s1998","Germany"
"s1999","United Kingdom"
"s2000","Thailand"
"s2000","United States"
"s2001","United Kingdom"
"s2002","France"
"s2002","United States"
"s2003","United States"
"s2004","United States"
"s2004","France"
"s2004","Canada"
"s2004","Belgium"
"s2006","Nigeria"
"s2007","United Kingdom"
"s2007","China"
"s2008","Mexico"
"s2009","France"
"s2010","United States"
"s2011","United States"
"s2012","Germany"
"s2012","China"
"s2012","United Kingdom"
"s2013","Spain"
"s2014","United Kingdom"
"s2016","India"
"s2017","India"
"s2018","India"
"s2019","India"
"s2020","India"
"s2021","India"
"s2022","United States"
"s2023","United States"
"s2024","India"
"s2025","Turkey"
"s2026","India"
"s2027","India"
"s2028","Indonesia"
"s2029","Egypt"
"s2030","United States"
"s2031","India"
"s2032","France"
"s2033","United States"
"s2034","Spain"
"s2035","Argentina"
"s2036","United States"
"s2037","South Korea"
"s2038","South Korea"
"s2039","South Africa"
"s2040","Turkey"
"s2042","United States"
"s2043","Australia"
"s2043","New Zealand"
"s2043","United States"
"s2044","United Kingdom"
"s2045","United States"
"s2046","United States"
"s2047","South Africa"
"s2048","United States"
"s2049","Nigeria"
"s2050","Philippines"
"s2051","Brazil"
"s2052","Indonesia"
"s2053","United States"
"s2054","United Kingdom"
"s2055","United States"
"s2056","Germany"
"s2057","Germany"
"s2057","United States"
"s2058","Vietnam"
"s2060","Hong Kong"
"s2060","Iceland"
"s2060","United States"
"s2061","Philippines"
"s2062","Netherlands"
"s2063","Japan"
"s2064","United States"
"s2065","Denmark"
"s2066","Japan"
"s2066","United States"
"s2067","Japan"
"s2068","Japan"
"s2069","United States"
"s2070","France"
"s2071","France"
"s2071","Australia"
"s2071","Germany"
"s2072","United States"
"s2073","United States"
"s2074","United States"
"s2075","India"
"s2076","Spain"
"s2077","United States"
"s2078","Italy"
"s2079","Japan"
"s2080","United States"
"s2080","Belgium"
"s2080","Canada"
"s2080","France"
"s2081","United Kingdom"
"s2082","Canada"
"s2083","India"
"s2084","United States"
"s2085","United States"
"s2086","United Kingdom"
"s2086","United States"
"s2087","India"
"s2088","South Africa"
"s2088","Angola"
"s2089","Spain"
"s2090","Japan"
"s2091","United States"
"s2092","Taiwan"
"s2093","United States"
"s2094","Colombia"
"s2095","United States"
"s2095","Philippines"
"s2096","United States"
"s2097","United States"
"s2098","United Kingdom"
"s2099","United States"
"s2100","United States"
"s2101","United States"
"s2103","Nigeria"
"s2104","India"
"s2105","Mexico"
"s2106","United States"
"s2107","Canada"
"s2108","United States"
"s2109","South Korea"
"s2110","United States"
"s2111","Egypt"
"s2112","Argentina"
"s2113","United States"
"s2114","United States"
"s2116","United States"
"s2117","Nigeria"
"s2118","Indonesia"
"s2119","United States"
"s2120","Indonesia"
"s2121","United Kingdom"
"s2121","United States"
"s2122","United States"
"s2122","United Kingdom"
"s2122","Canada"
"s2122","China"
"s2123","South Korea"
"s2125","Denmark"
"s2126","Saudi Arabia"
"s2127","India"
"s2128","Brazil"
"s2130","Canada"
"s2131","United States"
"s2131","Nigeria"
"s2132","United Kingdom"
"s2133","United States"
"s2134","United States"
"s2135","Colombia"
"s2136","United States"
"s2137","Japan"
"s2138","France"
"s2139","United Kingdom"
"s2139","United States"
"s2140","United States"
"s2140","France"
"s2141","United States"
"s2142","India"
"s2143","United States"
"s2144","United States"
"s2145","United States"
"s2146","Japan"
"s2147","United States"
"s2149","Nigeria"
"s2150","United States"
"s2150","Canada"
"s2150","United Kingdom"
"s2151","Germany"
"s2152","Spain"
"s2154","Germany"
"s2155","United States"
"s2156","United States"
"s2157","United States"
"s2158","United States"
"s2159","United States"
"s2160","United States"
"s2161","Canada"
"s2162","Uruguay"
"s2163","Denmark"
"s2163","United States"
"s2164","France"
"s2166","United States"
"s2168","United States"
"s2169","Brazil"
"s2170","United States"
"s2171","United States"
"s2172","United States"
"s2173","United States"
"s2174","United States"
"s2175","Canada"
"s2176","Japan"
"s2177","United States"
"s2178","Canada"
"s2179","Canada"
"s2180","Turkey"
"s2180","United States"
"s2181","Japan"
"s2182","United States"
"s2184","Canada"
"s2185","United Kingdom"
"s2186","Germany"
"s2187","India"
"s2188","South Africa"
"s2189","United States"
"s2190","United States"
"s2191","United States"
"s2191","Canada"
"s2192","Peru"
"s2192","Germany"
"s2192","Norway"
"s2193","United States"
"s2194","India"
"s2196","Nigeria"
"s2197","Mozambique"
"s2198","Brazil"
"s2198","France"
"s2199","Poland"
"s2200","United States"
"s2201","United States"
"s2202","United States"
"s2203","United States"
"s2204","United States"
"s2205","India"
"s2206","China"
"s2207","India"
"s2208","China"
"s2208","Spain"
"s2208","South Korea"
"s2208","United States"
"s2209","United States"
"s2210","Nigeria"
"s2211","Spain"
"s2211","Germany"
"s2212","Japan"
"s2213","Spain"
"s2214","United Kingdom"
"s2214","United States"
"s2215","United States"
"s2216","South Korea"
"s2217","South Africa"
"s2218","United States"
"s2219","Norway"
"s2220","United States"
"s2221","Hong Kong"
"s2221","China"
"s2222","United Kingdom"
"s2224","United Kingdom"
"s2225","France"
"s2225","Belgium"
"s2225","Luxembourg"
"s2225","Cambodia"
"s2226","France"
"s2227","Australia"
"s2228","United Kingdom"
"s2228","Australia"
"s2229","United States"
"s2230","United States"
"s2231","Brazil"
"s2232","Nigeria"
"s2233","United States"
"s2234","France"
"s2234","Belgium"
"s2235","Nigeria"
"s2236","Mexico"
"s2238","United States"
"s2239","Belarus"
"s2240","Nigeria"
"s2241","Italy"
"s2242","United States"
"s2243","Australia"
"s2244","France"
"s2245","South Africa"
"s2246","Brazil"
"s2247","United States"
"s2248","Egypt"
"s2249","United States"
"s2250","United States"
"s2251","United States"
"s2252","Belgium"
"s2254","Japan"
"s2255","Turkey"
"s2256","South Korea"
"s2257","New Zealand"
"s2258","United States"
"s2259","Australia"
"s2260","United States"
"s2261","United States"
"s2261","France"
"s2263","United States"
"s2263","China"
"s2265","India"
"s2266","India"
"s2267","India"
"s2268","India"
"s2269","India"
"s2270","India"
"s2271","India"
"s2272","India"
"s2273","India"
"s2274","India"
"s2275","India"
"s2276","Thailand"
"s2277","India"
"s2278","India"
"s2279","India"
"s2280","India"
"s2281","India"
"s2282","India"
"s2283","India"
"s2284","United States"
"s2285","India"
"s2286","India"
"s2287","India"
"s2288","India"
"s2289","India"
"s2290","India"
"s2291","India"
"s2292","India"
"s2293","India"
"s2294","Spain"
"s2295","United States"
"s2296","Indonesia"
"s2296","United Kingdom"
"s2297","Switzerland"
"s2297","France"
"s2297","Belgium"
"s2297","United States"
"s2298","Japan"
"s2299","United States"
"s2300","United States"
"s2301","Ghana"
"s2302","United States"
"s2303","Brazil"
"s2304","United States"
"s2305","Italy"
"s2306","United Kingdom"
"s2307","Taiwan"
"s2308","United States"
"s2308","Canada"
"s2309","Spain"
"s2310","Turkey"
"s2311","Canada"
"s2312","United States"
"s2312","Germany"
"s2312","Canada"
"s2313","Turkey"
"s2314","United States"
"s2315","United Kingdom"
"s2315","United States"
"s2316","United States"
"s2317","Spain"
"s2317","France"
"s2317","Canada"
"s2317","United States"
"s2318","United States"
"s2318","Mexico"
"s2319","France"
"s2320","Italy"
"s2321","Japan"
"s2322","United States"
"s2323","Chile"
"s2323","Italy"
"s2324","United Kingdom"
"s2324","Nigeria"
"s2325","Indonesia"
"s2326","Nigeria"
"s2328","Germany"
"s2328","United States"
"s2329","Australia"
"s2330","Colombia"
"s2331","United States"
"s2332","United States"
"s2333","Nigeria"
"s2334","Philippines"
"s2335","India"
"s2337","India"
"s2338","South Korea"
"s2339","India"
"s2340","India"
"s2341","India"
"s2342","United States"
"s2343","India"
"s2344","United Kingdom"
"s2345","Chile"
"s2346","United States"
"s2347","United States"
"s2348","India"
"s2349","Nigeria"
"s2350","South Korea"
"s2351","United States"
"s2352","Nigeria"
"s2353","United States"
"s2354","India"
"s2355","France"
"s2355","Egypt"
"s2356","United States"
"s2357","United States"
"s2358","United States"
"s2359","France"
"s2360","Brazil"
"s2361","Turkey"
"s2362","Egypt"
"s2362","France"
"s2363","United States"
"s2364","France"
"s2364","Brazil"
"s2364","Spain"
"s2364","Belgium"
"s2365","Japan"
"s2366","Egypt"
"s2366","Algeria"
"s2367","France"
"s2367","Egypt"
"s2368","Egypt"
"s2369","Egypt"
"s2370","Egypt"
"s2372","Philippines"
"s2373","Thailand"
"s2374","Egypt"
"s2375","Lebanon"
"s2376","Egypt"
"s2377","Egypt"
"s2378","Canada"
"s2378","South Korea"
"s2378","United States"
"s2379","United States"
"s2380","United Kingdom"
"s2380","United States"
"s2381","United States"
"s2382","Nigeria"
"s2382","United Kingdom"
"s2383","United States"
"s2384","United States"
"s2385","United Kingdom"
"s2385","United States"
"s2386","Argentina"
"s2386","Spain"
"s2387","Malaysia"
"s2388","Nigeria"
"s2389","United States"
"s2390","India"
"s2391","United States"
"s2392","Indonesia"
"s2393","India"
"s2394","United States"
"s2396","United States"
"s2396","France"
"s2396","Canada"
"s2397","Germany"
"s2398","United States"
"s2399","Japan"
"s2400","Japan"
"s2401","Mexico"
"s2402","Poland"
"s2402","United States"
"s2403","United Arab Emirates"
"s2403","Jordan"
"s2403","Lebanon"
"s2403","Saudi Arabia"
"s2404","Saudi Arabia"
"s2405","Italy"
"s2406","United States"
"s2407","United States"
"s2408","United States"
"s2409","South Korea"
"s2410","Brazil"
"s2411","South Korea"
"s2412","United States"
"s2413","Poland"
"s2414","India"
"s2415","India"
"s2416","United States"
"s2416","Mexico"
"s2416","Spain"
"s2416","Malta"
"s2417","United States"
"s2418","United States"
"s2419","Egypt"
"s2420","United States"
"s2421","India"
"s2422","Nigeria"
"s2423","United States"
"s2424","United States"
"s2424","Canada"
"s2425","United States"
"s2427","Japan"
"s2428","Turkey"
"s2429","Turkey"
"s2430","Egypt"
"s2431","United States"
"s2432","United States"
"s2434","Egypt"
"s2435","Egypt"
"s2436","Egypt"
"s2438","Egypt"
"s2439","Egypt"
"s2440","Egypt"
"s2441","Canada"
"s2442","Saudi Arabia"
"s2442","United Arab Emirates"
"s2443","Egypt"
"s2444","Egypt"
"s2445","Japan"
"s2446","India"
"s2447","Zimbabwe"
"s2448","South Korea"
"s2449","United Arab Emirates"
"s2450","Japan"
"s2451","Japan"
"s2452","Japan"
"s2452","United States"
"s2453","South Korea"
"s2454","South Korea"
"s2455","United States"
"s2456","United Kingdom"
"s2456","Germany"
"s2456","United Arab Emirates"
"s2456","New Zealand"
"s2457","Romania"
"s2457","United States"
"s2458","United Arab Emirates"
"s2459","India"
"s2460","United States"
"s2461","France"
"s2461","Egypt"
"s2462","Ireland"
"s2463","Japan"
"s2464","United Arab Emirates"
"s2465","United Arab Emirates"
"s2466","Argentina"
"s2467","Australia"
"s2468","Mexico"
"s2468","United States"
"s2469","Australia"
"s2470","China"
"s2471","United States"
"s2472","United States"
"s2473","India"
"s2474","United States"
"s2475","Indonesia"
"s2476","Indonesia"
"s2477","United Kingdom"
"s2478","Nigeria"
"s2479","Japan"
"s2480","United States"
"s2481","Canada"
"s2482","Indonesia"
"s2483","Kuwait"
"s2486","Chile"
"s2487","South Korea"
"s2488","Egypt"
"s2491","Egypt"
"s2492","Egypt"
"s2493","Egypt"
"s2494","Canada"
"s2494","Nigeria"
"s2495","United States"
"s2497","United Kingdom"
"s2498","United States"
"s2499","Mexico"
"s2500","Colombia"
"s2501","India"
"s2502","Egypt"
"s2503","Egypt"
"s2504","Egypt"
"s2505","Egypt"
"s2506","Egypt"
"s2507","Egypt"
"s2508","United States"
"s2509","United States"
"s2510","Egypt"
"s2511","Egypt"
"s2512","Saudi Arabia"
"s2512","Netherlands"
"s2512","Germany"
"s2512","Jordan"
"s2512","United Arab Emirates"
"s2512","United States"
"s2513","Egypt"
"s2514","Nigeria"
"s2515","United Kingdom"
"s2516","United States"
"s2517","Kuwait"
"s2518","South Korea"
"s2519","South Korea"
"s2520","United States"
"s2521","Lebanon"
"s2522","Spain"
"s2523","France"
"s2524","United States"
"s2525","United States"
"s2526","Japan"
"s2527","United States"
"s2528","Thailand"
"s2529","South Korea"
"s2530","Australia"
"s2531","United Kingdom"
"s2531","Spain"
"s2532","Indonesia"
"s2533","Indonesia"
"s2534","United Arab Emirates"
"s2535","India"
"s2537","Mexico"
"s2538","Nigeria"
"s2539","Kuwait"
"s2540","India"
"s2541","United States"
"s2542","United Arab Emirates"
"s2543","Canada"
"s2544","United States"
"s2545","India"
"s2546","India"
"s2547","Finland"
"s2547","France"
"s2548","United States"
"s2549","United States"
"s2550","United States"
"s2551","Italy"
"s2552","United States"
"s2553","Canada"
"s2554","United Kingdom"
"s2554","Germany"
"s2554","United States"
"s2554","France"
"s2555","Canada"
"s2556","United Arab Emirates"
"s2557","Kuwait"
"s2558","China"
"s2559","Indonesia"
"s2560","United States"
"s2562","United States"
"s2563","India"
"s2563","United Kingdom"
"s2563","China"
"s2563","Canada"
"s2563","Japan"
"s2563","South Korea"
"s2563","United States"
"s2564","Brazil"
"s2565","India"
"s2566","Argentina"
"s2567","United States"
"s2568","Colombia"
"s2571","United States"
"s2572","United States"
"s2573","United States"
"s2574","United States"
"s2576","United States"
"s2577","United States"
"s2578","United States"
"s2579","France"
"s2579","Belgium"
"s2580","United States"
"s2581","United States"
"s2582","United States"
"s2583","United States"
"s2584","Russia"
"s2585","South Africa"
"s2586","Italy"
"s2586","United Kingdom"
"s2586","France"
"s2587","Japan"
"s2588","India"
"s2589","Canada"
"s2590","India"
"s2591","Australia"
"s2591","United States"
"s2592","United States"
"s2593","United States"
"s2597","United States"
"s2597","United Kingdom"
"s2598","United States"
"s2599","Japan"
"s2600","United States"
"s2600","Mexico"
"s2600","Colombia"
"s2601","United States"
"s2601","Canada"
"s2602","Brazil"
"s2603","Japan"
"s2604","Taiwan"
"s2605","United States"
"s2606","Turkey"
"s2607","South Korea"
"s2608","Nigeria"
"s2609","United States"
"s2610","United Kingdom"
"s2611","India"
"s2612","South Africa"
"s2613","Turkey"
"s2614","Turkey"
"s2614","India"
"s2615","Egypt"
"s2616","Turkey"
"s2617","Turkey"
"s2618","Italy"
"s2618","Turkey"
"s2619","Turkey"
"s2621","Turkey"
"s2622","Turkey"
"s2623","United States"
"s2624","Egypt"
"s2625","Romania"
"s2626","India"
"s2627","India"
"s2628","United States"
"s2629","United Kingdom"
"s2630","India"
"s2631","Egypt"
"s2632","South Korea"
"s2633","United Kingdom"
"s2633","United States"
"s2633","Japan"
"s2634","Egypt"
"s2635","France"
"s2635","Belgium"
"s2635","United States"
"s2636","Egypt"
"s2637","Egypt"
"s2638","Egypt"
"s2639","Egypt"
"s2641","United Kingdom"
"s2643","India"
"s2644","Turkey"
"s2645","India"
"s2646","Japan"
"s2646","United States"
"s2647","Indonesia"
"s2648","Indonesia"
"s2649","Mexico"
"s2650","Indonesia"
"s2651","South Korea"
"s2652","United States"
"s2653","United States"
"s2654","Poland"
"s2655","Nigeria"
"s2656","Spain"
"s2657","Canada"
"s2657","United States"
"s2657","United Kingdom"
"s2658","United Kingdom"
"s2659","Japan"
"s2660","United States"
"s2661","Puerto Rico"
"s2661","United States"
"s2661","Colombia"
"s2662","United States"
"s2663","United States"
"s2664","India"
"s2665","India"
"s2666","South Korea"
"s2667","United States"
"s2668","Turkey"
"s2669","France"
"s2669","Belgium"
"s2670","Mexico"
"s2671","India"
"s2672","Germany"
"s2673","United States"
"s2674","Spain"
"s2674","Germany"
"s2675","Uruguay"
"s2675","Argentina"
"s2676","France"
"s2677","Israel"
"s2678","United States"
"s2678","United Kingdom"
"s2678","Japan"
"s2679","United States"
"s2680","Brazil"
"s2681","United States"
"s2682","Turkey"
"s2683","Philippines"
"s2684","India"
"s2685","United States"
"s2686","India"
"s2687","United States"
"s2688","Nigeria"
"s2689","Nigeria"
"s2690","United States"
"s2691","Canada"
"s2692","United States"
"s2693","United States"
"s2693","Argentina"
"s2694","United Kingdom"
"s2694","Italy"
"s2695","France"
"s2696","United States"
"s2697","Italy"
"s2698","United States"
"s2699","Japan"
"s2701","Philippines"
"s2702","United States"
"s2703","United States"
"s2704","United States"
"s2705","United States"
"s2706","United States"
"s2707","Ireland"
"s2707","United Kingdom"
"s2708","United States"
"s2709","Chile"
"s2710","United States"
"s2711","United States"
"s2712","Spain"
"s2713","United Kingdom"
"s2713","France"
"s2713","Belgium"
"s2713","Canada"
"s2713","United States"
"s2714","Japan"
"s2715","Japan"
"s2716","India"
"s2717","India"
"s2717","United States"
"s2718","India"
"s2719","United States"
"s2720","Sweden"
"s2721","India"
"s2721","United States"
"s2722","India"
"s2723","India"
"s2724","India"
"s2725","India"
"s2726","India"
"s2727","India"
"s2728","United States"
"s2729","India"
"s2730","India"
"s2731","India"
"s2732","India"
"s2733","India"
"s2734","India"
"s2735","India"
"s2736","India"
"s2737","United Kingdom"
"s2738","India"
"s2739","India"
"s2741","Japan"
"s2742","India"
"s2743","United Kingdom"
"s2744","United States"
"s2745","Netherlands"
"s2745","Germany"
"s2745","Denmark"
"s2745","United Kingdom"
"s2746","United States"
"s2747","United Kingdom"
"s2748","India"
"s2749","China"
"s2750","United States"
"s2751","India"
"s2752","India"
"s2754","United States"
"s2755","United States"
"s2756","Canada"
"s2757","India"
"s2758","United States"
"s2759","Canada"
"s2759","United States"
"s2761","India"
"s2762","South Korea"
"s2763","United States"
"s2764","United States"
"s2765","United States"
"s2766","India"
"s2767","India"
"s2768","United States"
"s2769","Canada"
"s2770","Canada"
"s2771","Canada"
"s2772","United States"
"s2774","Hungary"
"s2776","Thailand"
"s2777","Germany"
"s2778","Germany"
"s2779","United States"
"s2780","United States"
"s2781","Hungary"
"s2782","Spain"
"s2783","United States"
"s2784","Austria"
"s2784","Germany"
"s2785","Taiwan"
"s2785","China"
"s2787","Argentina"
"s2789","United States"
"s2789","Japan"
"s2790","Mexico"
"s2791","United States"
"s2792","United States"
"s2793","India"
"s2794","United Kingdom"
"s2795","United Kingdom"
"s2796","United States"
"s2797","Italy"
"s2798","France"
"s2799","United States"
"s2800","Japan"
"s2800","United States"
"s2801","Saudi Arabia"
"s2802","United States"
"s2803","Sweden"
"s2804","Japan"
"s2805","Netherlands"
"s2806","United Kingdom"
"s2807","United States"
"s2808","United Kingdom"
"s2808","United States"
"s2808","Ireland"
"s2809","United States"
"s2810","United States"
"s2811","India"
"s2814","United States"
"s2816","India"
"s2817","United States"
"s2818","South Africa"
"s2819","Norway"
"s2820","Australia"
"s2821","United States"
"s2822","South Korea"
"s2822","United States"
"s2823","United States"
"s2824","Turkey"
"s2825","Iceland"
"s2826","United States"
"s2827","United States"
"s2828","Brazil"
"s2828","United Kingdom"
"s2829","Canada"
"s2829","United States"
"s2830","United States"
"s2831","Pakistan"
"s2831","United States"
"s2833","South Africa"
"s2834","India"
"s2835","France"
"s2836","United States"
"s2837","United States"
"s2838","Spain"
"s2839","United States"
"s2840","Nigeria"
"s2842","India"
"s2843","Thailand"
"s2844","Romania"
"s2844","France"
"s2844","Switzerland"
"s2844","Germany"
"s2845","United States"
"s2846","Romania"
"s2847","Spain"
"s2848","United States"
"s2848","Canada"
"s2849","Brazil"
"s2850","United States"
"s2851","India"
"s2852","South Africa"
"s2853","United Kingdom"
"s2854","United States"
"s2855","Japan"
"s2856","Germany"
"s2857","India"
"s2860","United States"
"s2861","United Kingdom"
"s2861","United States"
"s2861","France"
"s2862","United States"
"s2863","South Africa"
"s2864","United States"
"s2866","France"
"s2867","United Kingdom"
"s2867","Canada"
"s2867","United States"
"s2868","United States"
"s2869","Colombia"
"s2870","India"
"s2871","South Africa"
"s2872","Spain"
"s2873","Mexico"
"s2874","India"
"s2875","United States"
"s2876","Japan"
"s2877","Japan"
"s2878","Saudi Arabia"
"s2879","Nigeria"
"s2880","Nigeria"
"s2881","United States"
"s2882","Nigeria"
"s2883","Nigeria"
"s2884","United States"
"s2886","Nigeria"
"s2887","United States"
"s2888","United States"
"s2889","South Korea"
"s2890","United States"
"s2891","Canada"
"s2892","United States"
"s2893","South Korea"
"s2895","Argentina"
"s2896","Germany"
"s2897","India"
"s2898","United States"
"s2899","India"
"s2900","South Africa"
"s2901","Brazil"
"s2902","Romania"
"s2902","United Kingdom"
"s2903","United States"
"s2904","France"
"s2904","Malta"
"s2904","United States"
"s2905","United States"
"s2906","United States"
"s2907","Nigeria"
"s2908","United States"
"s2909","United States"
"s2911","Cyprus"
"s2912","United Kingdom"
"s2912","France"
"s2912","Belgium"
"s2912","Ireland"
"s2912","United States"
"s2913","Philippines"
"s2914","Poland"
"s2915","Germany"
"s2916","South Africa"
"s2917","India"
"s2918","India"
"s2919","Nigeria"
"s2920","Japan"
"s2921","United States"
"s2922","Mexico"
"s2922","United States"
"s2924","Thailand"
"s2925","South Africa"
"s2926","United States"
"s2927","United States"
"s2928","United States"
"s2929","United States"
"s2930","Mexico"
"s2931","Indonesia"
"s2932","United States"
"s2933","United States"
"s2934","United States"
"s2934","Norway"
"s2934","Canada"
"s2935","Poland"
"s2935","United States"
"s2936","India"
"s2937","Ghana"
"s2938","United States"
"s2939","Nigeria"
"s2940","United States"
"s2941","India"
"s2942","Canada"
"s2942","United States"
"s2944","United States"
"s2945","United States"
"s2946","Japan"
"s2947","Kenya"
"s2947","United States"
"s2948","United States"
"s2949","United States"
"s2950","United States"
"s2951","United States"
"s2952","United States"
"s2953","United States"
"s2954","United States"
"s2955","India"
"s2956","Spain"
"s2957","United States"
"s2958","India"
"s2959","Japan"
"s2960","South Korea"
"s2961","United States"
"s2962","Canada"
"s2962","South Africa"
"s2963","France"
"s2963","South Korea"
"s2963","Japan"
"s2963","United States"
"s2964","Netherlands"
"s2965","United Kingdom"
"s2966","Japan"
"s2967","Japan"
"s2968","United States"
"s2969","United States"
"s2970","India"
"s2971","Japan"
"s2972","Mexico"
"s2973","France"
"s2974","Nigeria"
"s2975","Italy"
"s2976","United States"
"s2977","Spain"
"s2978","Japan"
"s2979","United States"
"s2980","United Kingdom"
"s2981","United States"
"s2982","France"
"s2982","Belgium"
"s2984","United Kingdom"
"s2985","Brazil"
"s2986","India"
"s2987","India"
"s2988","India"
"s2989","United States"
"s2990","Taiwan"
"s2991","South Africa"
"s2993","Nigeria"
"s2994","United States"
"s2995","United States"
"s2996","United States"
"s2997","Mexico"
"s2998","United States"
"s2999","Japan"
"s3000","Taiwan"
"s3000","Malaysia"
"s3001","United States"
"s3002","United States"
"s3003","Uruguay"
"s3003","Argentina"
"s3003","Germany"
"s3003","Spain"
"s3004","United States"
"s3005","India"
"s3006","United States"
"s3007","India"
"s3008","United States"
"s3009","United States"
"s3009","United Kingdom"
"s3009","France"
"s3009","Germany"
"s3009","Japan"
"s3010","United States"
"s3011","Netherlands"
"s3012","Canada"
"s3013","Germany"
"s3014","United States"
"s3015","United States"
"s3016","China"
"s3017","United States"
"s3017","France"
"s3017","Japan"
"s3018","United States"
"s3019","United Kingdom"
"s3019","France"
"s3019","United States"
"s3020","Japan"
"s3021","Japan"
"s3022","United Kingdom"
"s3022","United States"
"s3023","India"
"s3024","Spain"
"s3024","France"
"s3024","United States"
"s3025","United States"
"s3026","Austria"
"s3027","United States"
"s3028","United States"
"s3029","France"
"s3030","Poland"
"s3032","United States"
"s3033","India"
"s3034","United States"
"s3035","United Kingdom"
"s3036","United States"
"s3037","India"
"s3038","United States"
"s3039","United Kingdom"
"s3040","Australia"
"s3041","France"
"s3042","United States"
"s3043","United States"
"s3044","United States"
"s3045","Spain"
"s3046","United Kingdom"
"s3047","Mexico"
"s3048","Canada"
"s3049","India"
"s3050","United States"
"s3051","Belgium"
"s3052","Indonesia"
"s3052","South Korea"
"s3052","Singapore"
"s3053","South Korea"
"s3054","Canada"
"s3055","United Kingdom"
"s3056","Japan"
"s3058","United States"
"s3059","United States"
"s3059","South Korea"
"s3060","South Korea"
"s3060","United States"
"s3061","India"
"s3062","United States"
"s3063","United States"
"s3063","Spain"
"s3064","South Korea"
"s3066","United States"
"s3067","Netherlands"
"s3067","Germany"
"s3067","Italy"
"s3067","Canada"
"s3068","Spain"
"s3068","Germany"
"s3068","Denmark"
"s3068","United States"
"s3069","Mexico"
"s3069","Spain"
"s3070","Japan"
"s3071","Indonesia"
"s3072","South Korea"
"s3074","United States"
"s3075","South Korea"
"s3076","United States"
"s3077","South Korea"
"s3078","India"
"s3079","India"
"s3080","Japan"
"s3081","United States"
"s3082","United States"
"s3083","Norway"
"s3083","Sweden"
"s3085","South Korea"
"s3085","Canada"
"s3085","United States"
"s3085","China"
"s3086","South Korea"
"s3088","China"
"s3089","Japan"
"s3090","Japan"
"s3091","South Africa"
"s3092","Argentina"
"s3092","Uruguay"
"s3092","Serbia"
"s3093","United States"
"s3095","Italy"
"s3096","France"
"s3097","United States"
"s3098","United States"
"s3099","Japan"
"s3100","United States"
"s3101","Israel"
"s3101","United States"
"s3102","France"
"s3102","Japan"
"s3103","United States"
"s3104","Japan"
"s3105","Mexico"
"s3106","United States"
"s3107","United States"
"s3108","United States"
"s3109","United States"
"s3110","Australia"
"s3111","Nigeria"
"s3112","Mauritius"
"s3112","South Africa"
"s3113","Nigeria"
"s3115","Nigeria"
"s3117","United Kingdom"
"s3117","Italy"
"s3118","United States"
"s3118","Poland"
"s3119","United States"
"s3119","Mexico"
"s3120","France"
"s3121","Poland"
"s3122","United Kingdom"
"s3122","United States"
"s3123","United States"
"s3124","United States"
"s3125","Bangladesh"
"s3126","United Kingdom"
"s3126","United States"
"s3126","Germany"
"s3126","Denmark"
"s3126","Belgium"
"s3126","Japan"
"s3127","India"
"s3128","South Korea"
"s3129","United States"
"s3130","South Korea"
"s3131","Nigeria"
"s3132","India"
"s3133","India"
"s3134","India"
"s3135","India"
"s3135","Germany"
"s3136","India"
"s3137","India"
"s3138","Japan"
"s3140","India"
"s3141","Nigeria"
"s3142","India"
"s3143","India"
"s3144","India"
"s3145","Ghana"
"s3146","India"
"s3147","United States"
"s3148","India"
"s3149","United States"
"s3150","India"
"s3151","United States"
"s3152","Nigeria"
"s3153","South Africa"
"s3154","Nigeria"
"s3156","Taiwan"
"s3158","United Kingdom"
"s3159","India"
"s3159","United Kingdom"
"s3159","Canada"
"s3159","United States"
"s3160","Egypt"
"s3161","United States"
"s3162","United States"
"s3163","United States"
"s3164","India"
"s3165","Brazil"
"s3166","United States"
"s3167","Nigeria"
"s3169","United States"
"s3170","United Kingdom"
"s3170","United States"
"s3171","Japan"
"s3172","Nigeria"
"s3173","United States"
"s3174","Japan"
"s3175","Brazil"
"s3176","United States"
"s3177","Spain"
"s3179","Nigeria"
"s3180","United Kingdom"
"s3180","Nigeria"
"s3181","United States"
"s3182","United States"
"s3183","United States"
"s3184","United States"
"s3185","China"
"s3186","Colombia"
"s3187","United States"
"s3188","United States"
"s3189","United States"
"s3190","India"
"s3191","United States"
"s3192","Philippines"
"s3192","United States"
"s3193","United States"
"s3194","India"
"s3195","Australia"
"s3196","India"
"s3197","India"
"s3198","United Kingdom"
"s3199","India"
"s3201","Thailand"
"s3202","India"
"s3203","France"
"s3204","Romania"
"s3204","Bulgaria"
"s3204","Hungary"
"s3205","South Korea"
"s3206","Uruguay"
"s3206","Guatemala"
"s3207","India"
"s3208","France"
"s3208","Senegal"
"s3208","Belgium"
"s3209","United Kingdom"
"s3209","Canada"
"s3210","Nigeria"
"s3211","France"
"s3212","South Africa"
"s3213","Mexico"
"s3213","United States"
"s3213","Spain"
"s3213","Colombia"
"s3215","Nigeria"
"s3216","Nigeria"
"s3218","Nigeria"
"s3219","United States"
"s3220","Japan"
"s3221","Brazil"
"s3222","United States"
"s3223","France"
"s3224","United States"
"s3225","India"
"s3227","Canada"
"s3227","Norway"
"s3228","United States"
"s3229","United States"
"s3230","United States"
"s3231","Poland"
"s3233","Mexico"
"s3234","India"
"s3235","Spain"
"s3236","United States"
"s3237","China"
"s3238","France"
"s3239","United States"
"s3240","Japan"
"s3241","United States"
"s3242","United States"
"s3243","United States"
"s3244","Brazil"
"s3245","United States"
"s3246","Singapore"
"s3246","United States"
"s3247","United States"
"s3247","Canada"
"s3248","United States"
"s3249","United States"
"s3250","Thailand"
"s3251","United States"
"s3252","India"
"s3253","Germany"
"s3254","Mexico"
"s3255","India"
"s3256","France"
"s3257","United States"
"s3259","Taiwan"
"s3260","Finland"
"s3260","Germany"
"s3260","Belgium"
"s3261","United States"
"s3262","United Kingdom"
"s3262","France"
"s3263","United States"
"s3263","Chile"
"s3264","Taiwan"
"s3265","United Kingdom"
"s3265","Japan"
"s3265","United States"
"s3266","Colombia"
"s3267","Argentina"
"s3268","India"
"s3269","India"
"s3270","United States"
"s3271","South Korea"
"s3272","Japan"
"s3273","Japan"
"s3274","Spain"
"s3274","United Kingdom"
"s3275","Taiwan"
"s3276","United States"
"s3277","Taiwan"
"s3278","South Korea"
"s3279","India"
"s3279","United States"
"s3280","Mexico"
"s3281","Japan"
"s3282","Thailand"
"s3283","United States"
"s3284","Turkey"
"s3286","France"
"s3287","Thailand"
"s3288","Argentina"
"s3288","United States"
"s3288","Mexico"
"s3289","South Korea"
"s3290","United States"
"s3291","United States"
"s3292","China"
"s3293","United States"
"s3294","India"
"s3295","United Kingdom"
"s3296","United Kingdom"
"s3296","Canada"
"s3296","United States"
"s3297","United States"
"s3298","France"
"s3299","Colombia"
"s3300","India"
"s3301","United States"
"s3302","Japan"
"s3303","China"
"s3303","Hong Kong"
"s3304","Brazil"
"s3305","United States"
"s3306","United States"
"s3307","United Kingdom"
"s3308","United States"
"s3309","South Korea"
"s3310","United States"
"s3311","United Kingdom"
"s3312","United States"
"s3313","India"
"s3314","United States"
"s3315","United States"
"s3316","United States"
"s3317","United States"
"s3318","United States"
"s3318","Canada"
"s3319","United States"
"s3320","United States"
"s3320","South Korea"
"s3320","Japan"
"s3321","United States"
"s3321","Canada"
"s3322","United States"
"s3323","United States"
"s3324","United States"
"s3324","Canada"
"s3325","United States"
"s3326","United States"
"s3327","Spain"
"s3328","United States"
"s3329","France"
"s3330","United States"
"s3331","United States"
"s3332","United States"
"s3333","United Kingdom"
"s3334","Japan"
"s3335","India"
"s3336","United States"
"s3337","Japan"
"s3338","United States"
"s3339","United States"
"s3340","Japan"
"s3341","Japan"
"s3342","Japan"
"s3343","United States"
"s3343","Japan"
"s3344","United States"
"s3345","United States"
"s3346","Canada"
"s3346","Australia"
"s3348","United Kingdom"
"s3348","Hungary"
"s3348","Australia"
"s3349","Italy"
"s3349","Belgium"
"s3350","Mexico"
"s3351","Canada"
"s3352","Argentina"
"s3352","Spain"
"s3353","Germany"
"s3354","Mexico"
"s3355","Argentina"
"s3356","United States"
"s3356","Japan"
"s3357","Taiwan"
"s3359","South Korea"
"s3360","India"
"s3361","South Korea"
"s3363","United States"
"s3364","United States"
"s3365","United States"
"s3366","Mexico"
"s3366","United States"
"s3367","United Kingdom"
"s3368","China"
"s3369","China"
"s3370","United States"
"s3371","Brazil"
"s3372","Turkey"
"s3373","United States"
"s3374","Spain"
"s3375","United States"
"s3375","United Kingdom"
"s3375","Germany"
"s3376","Argentina"
"s3378","France"
"s3379","Spain"
"s3380","United States"
"s3381","Switzerland"
"s3382","China"
"s3383","United States"
"s3384","United States"
"s3385","Singapore"
"s3385","Malaysia"
"s3386","United States"
"s3387","United States"
"s3388","Hong Kong"
"s3388","China"
"s3389","United States"
"s3390","United Kingdom"
"s3392","France"
"s3392","Belgium"
"s3392","Luxembourg"
"s3392","Romania"
"s3392","Canada"
"s3392","United States"
"s3393","South Africa"
"s3393","Nigeria"
"s3399","United States"
"s3401","United Kingdom"
"s3402","United Kingdom"
"s3403","Turkey"
"s3404","India"
"s3406","Spain"
"s3407","United States"
"s3408","Nigeria"
"s3409","United Kingdom"
"s3410","United States"
"s3411","Netherlands"
"s3412","Nigeria"
"s3413","India"
"s3414","Indonesia"
"s3415","China"
"s3416","Australia"
"s3417","South Korea"
"s3418","United States"
"s3419","United States"
"s3420","South Korea"
"s3421","South Korea"
"s3422","United States"
"s3422","United Kingdom"
"s3423","United States"
"s3424","Turkey"
"s3425","Canada"
"s3426","France"
"s3427","South Korea"
"s3428","Turkey"
"s3429","United States"
"s3430","United States"
"s3431","United States"
"s3432","Nigeria"
"s3433","Japan"
"s3434","France"
"s3435","Spain"
"s3435","France"
"s3438","Japan"
"s3439","United States"
"s3440","United States"
"s3441","United States"
"s3442","United States"
"s3443","United States"
"s3444","Indonesia"
"s3445","Mexico"
"s3446","South Korea"
"s3447","India"
"s3448","United Kingdom"
"s3448","Hong Kong"
"s3449","Turkey"
"s3450","United Kingdom"
"s3450","Canada"
"s3451","Canada"
"s3451","United States"
"s3452","Turkey"
"s3453","United Kingdom"
"s3454","United States"
"s3455","United States"
"s3457","United States"
"s3458","United States"
"s3459","United States"
"s3460","Mexico"
"s3461","United States"
"s3462","South Korea"
"s3463","South Korea"
"s3464","India"
"s3465","India"
"s3466","Netherlands"
"s3467","India"
"s3468","India"
"s3469","India"
"s3471","South Korea"
"s3472","United States"
"s3473","Germany"
"s3473","United States"
"s3474","South Korea"
"s3475","South Korea"
"s3476","United States"
"s3477","United States"
"s3478","United States"
"s3479","United Kingdom"
"s3481","Japan"
"s3482","India"
"s3483","Turkey"
"s3484","Argentina"
"s3485","United States"
"s3485","Canada"
"s3486","United States"
"s3487","India"
"s3488","Hong Kong"
"s3488","China"
"s3489","Mexico"
"s3490","United States"
"s3491","United States"
"s3491","Mexico"
"s3492","Australia"
"s3495","United States"
"s3496","United States"
"s3497","India"
"s3498","United States"
"s3499","India"
"s3500","South Korea"
"s3501","United States"
"s3503","Germany"
"s3504","Spain"
"s3505","United States"
"s3506","United States"
"s3507","Spain"
"s3508","Turkey"
"s3509","Canada"
"s3510","India"
"s3511","South Korea"
"s3512","United Kingdom"
"s3513","United States"
"s3514","United States"
"s3515","United States"
"s3516","United States"
"s3517","India"
"s3518","United States"
"s3519","United States"
"s3520","Japan"
"s3521","Turkey"
"s3522","France"
"s3523","China"
"s3524","United States"
"s3526","United States"
"s3527","United States"
"s3528","United States"
"s3529","United States"
"s3529","United Kingdom"
"s3530","United Kingdom"
"s3531","India"
"s3532","India"
"s3533","India"
"s3534","Turkey"
"s3535","France"
"s3536","United States"
"s3537","Pakistan"
"s3538","India"
"s3539","Brazil"
"s3539","United States"
"s3541","United States"
"s3542","Japan"
"s3543","Denmark"
"s3543","Brazil"
"s3543","France"
"s3543","Portugal"
"s3543","Sweden"
"s3544","United Kingdom"
"s3545","United States"
"s3546","United Arab Emirates"
"s3547","China"
"s3547","United Kingdom"
"s3549","Colombia"
"s3550","Chile"
"s3552","United Kingdom"
"s3552","United States"
"s3553","Colombia"
"s3554","United States"
"s3554","Canada"
"s3555","Spain"
"s3556","United States"
"s3557","Brazil"
"s3558","United States"
"s3559","United Kingdom"
"s3560","United States"
"s3561","Hong Kong"
"s3562","United States"
"s3564","India"
"s3565","India"
"s3566","China"
"s3566","Taiwan"
"s3567","India"
"s3568","United States"
"s3570","India"
"s3570","Turkey"
"s3572","United States"
"s3573","Philippines"
"s3574","United Kingdom"
"s3575","United Kingdom"
"s3576","Spain"
"s3577","Argentina"
"s3578","Russia"
"s3579","United States"
"s3580","Colombia"
"s3581","South Korea"
"s3581","United States"
"s3582","United States"
"s3583","United States"
"s3584","United States"
"s3585","Canada"
"s3586","China"
"s3587","Spain"
"s3588","Spain"
"s3589","United States"
"s3589","Japan"
"s3590","India"
"s3590","United States"
"s3591","Taiwan"
"s3592","Brazil"
"s3594","India"
"s3595","India"
"s3596","United States"
"s3597","Mexico"
"s3598","United States"
"s3599","United States"
"s3601","United States"
"s3602","United States"
"s3603","India"
"s3604","United States"
"s3605","Brazil"
"s3606","United States"
"s3607","South Korea"
"s3608","Lebanon"
"s3609","United States"
"s3610","Malaysia"
"s3610","Singapore"
"s3610","Hong Kong"
"s3611","South Korea"
"s3612","South Korea"
"s3613","South Korea"
"s3614","South Korea"
"s3615","South Korea"
"s3616","United States"
"s3617","India"
"s3618","United States"
"s3619","Philippines"
"s3620","United States"
"s3621","United States"
"s3622","United States"
"s3623","United States"
"s3624","United States"
"s3624","Japan"
"s3625","United States"
"s3626","Mexico"
"s3627","Netherlands"
"s3628","United States"
"s3630","United Kingdom"
"s3630","United States"
"s3631","India"
"s3632","India"
"s3633","Thailand"
"s3634","Australia"
"s3635","Canada"
"s3637","United States"
"s3638","Spain"
"s3639","Philippines"
"s3639","Singapore"
"s3640","France"
"s3640","Belgium"
"s3641","South Korea"
"s3642","Argentina"
"s3643","United States"
"s3644","United States"
"s3645","Australia"
"s3645","Canada"
"s3646","United States"
"s3647","United States"
"s3648","Hong Kong"
"s3649","Hong Kong"
"s3650","Hong Kong"
"s3650","China"
"s3651","Hong Kong"
"s3651","China"
"s3652","Hong Kong"
"s3653","Spain"
"s3654","United States"
"s3655","United States"
"s3656","India"
"s3657","South Korea"
"s3658","United States"
"s3659","India"
"s3660","United States"
"s3661","China"
"s3662","India"
"s3663","United States"
"s3664","Japan"
"s3665","Japan"
"s3666","Japan"
"s3667","Japan"
"s3668","United States"
"s3669","Spain"
"s3670","Sweden"
"s3671","Taiwan"
"s3671","China"
"s3671","France"
"s3671","United States"
"s3673","Germany"
"s3674","South Korea"
"s3676","France"
"s3676","United States"
"s3677","Germany"
"s3677","Italy"
"s3679","Spain"
"s3680","United States"
"s3681","United States"
"s3682","Argentina"
"s3683","China"
"s3684","United States"
"s3686","United States"
"s3687","United States"
"s3688","Australia"
"s3689","Thailand"
"s3690","Thailand"
"s3691","South Korea"
"s3692","United States"
"s3693","United States"
"s3694","United States"
"s3695","France"
"s3696","France"
"s3697","Japan"
"s3698","United States"
"s3698","Spain"
"s3699","Thailand"
"s3700","India"
"s3701","United States"
"s3702","India"
"s3703","United States"
"s3704","Colombia"
"s3704","Peru"
"s3704","United Kingdom"
"s3705","United States"
"s3706","Australia"
"s3707","Mexico"
"s3708","Australia"
"s3708","United States"
"s3709","Spain"
"s3710","United Kingdom"
"s3712","Mexico"
"s3713","Japan"
"s3714","India"
"s3715","India"
"s3716","United States"
"s3717","Japan"
"s3718","Thailand"
"s3718","China"
"s3718","United States"
"s3719","Argentina"
"s3719","United States"
"s3720","Colombia"
"s3721","Japan"
"s3722","United States"
"s3723","Argentina"
"s3724","Japan"
"s3725","Japan"
"s3726","United States"
"s3727","New Zealand"
"s3728","United States"
"s3729","Japan"
"s3730","India"
"s3731","France"
"s3732","United States"
"s3733","Brazil"
"s3734","United States"
"s3735","United States"
"s3736","Germany"
"s3737","Japan"
"s3738","Japan"
"s3739","Sweden"
"s3739","United States"
"s3740","India"
"s3741","India"
"s3742","Japan"
"s3743","China"
"s3744","Spain"
"s3745","Belgium"
"s3746","United States"
"s3747","France"
"s3747","Belgium"
"s3748","Brazil"
"s3750","United States"
"s3751","India"
"s3752","United States"
"s3753","United States"
"s3754","United States"
"s3755","Mexico"
"s3756","Jordan"
"s3757","United States"
"s3758","Indonesia"
"s3759","United States"
"s3760","United States"
"s3761","Malaysia"
"s3762","Uruguay"
"s3762","Spain"
"s3762","Mexico"
"s3763","United States"
"s3764","Spain"
"s3765","Australia"
"s3766","India"
"s3767","France"
"s3767","Luxembourg"
"s3767","Canada"
"s3768","Germany"
"s3769","India"
"s3770","United States"
"s3771","United States"
"s3772","United States"
"s3773","Germany"
"s3774","Japan"
"s3775","United Kingdom"
"s3776","Netherlands"
"s3777","United States"
"s3778","United States"
"s3779","United States"
"s3780","United States"
"s3781","South Korea"
"s3782","India"
"s3783","Taiwan"
"s3784","India"
"s3785","Japan"
"s3786","Romania"
"s3787","Hong Kong"
"s3788","Canada"
"s3789","India"
"s3791","India"
"s3792","China"
"s3793","United States"
"s3794","South Korea"
"s3795","United States"
"s3796","United States"
"s3798","Austria"
"s3799","United States"
"s3800","United States"
"s3801","United States"
"s3802","United States"
"s3804","United States"
"s3804","Mexico"
"s3805","India"
"s3806","United States"
"s3807","United States"
"s3808","Mexico"
"s3809","Mexico"
"s3810","Spain"
"s3811","Denmark"
"s3811","Spain"
"s3812","Spain"
"s3813","United States"
"s3814","Philippines"
"s3816","Italy"
"s3817","United States"
"s3818","United Kingdom"
"s3819","United States"
"s3820","India"
"s3821","United Kingdom"
"s3822","United Kingdom"
"s3823","India"
"s3824","Argentina"
"s3826","United States"
"s3827","Japan"
"s3828","United States"
"s3829","United States"
"s3830","United States"
"s3831","New Zealand"
"s3832","China"
"s3832","Hong Kong"
"s3833","Chile"
"s3833","Argentina"
"s3834","France"
"s3835","Hong Kong"
"s3835","China"
"s3836","United States"
"s3837","Spain"
"s3839","Brazil"
"s3840","China"
"s3841","United States"
"s3842","United States"
"s3843","Taiwan"
"s3853","South Korea"
"s3855","Kuwait"
"s3856","Lebanon"
"s3858","United Kingdom"
"s3858","Belgium"
"s3858","Sweden"
"s3859","China"
"s3860","United States"
"s3861","Mexico"
"s3862","Canada"
"s3862","Brazil"
"s3863","Spain"
"s3864","United States"
"s3865","United Kingdom"
"s3866","South Korea"
"s3867","United States"
"s3868","United States"
"s3869","India"
"s3870","United States"
"s3871","Japan"
"s3872","United Kingdom"
"s3873","United States"
"s3874","Malaysia"
"s3875","India"
"s3876","Hong Kong"
"s3877","Taiwan"
"s3878","United States"
"s3879","Hong Kong"
"s3880","Japan"
"s3882","Taiwan"
"s3884","Taiwan"
"s3885","United States"
"s3886","India"
"s3887","Mexico"
"s3887","United States"
"s3888","United States"
"s3889","Colombia"
"s3890","Turkey"
"s3891","India"
"s3892","United States"
"s3893","United States"
"s3895","Denmark"
"s3898","Taiwan"
"s3899","Australia"
"s3900","India"
"s3901","Taiwan"
"s3902","Japan"
"s3902","United States"
"s3903","Brazil"
"s3904","United States"
"s3905","Italy"
"s3905","France"
"s3906","United Kingdom"
"s3907","Mexico"
"s3909","United Kingdom"
"s3911","India"
"s3912","India"
"s3913","United States"
"s3914","India"
"s3914","France"
"s3915","India"
"s3916","India"
"s3917","India"
"s3918","India"
"s3919","India"
"s3920","United States"
"s3921","United States"
"s3922","Spain"
"s3923","Turkey"
"s3924","Turkey"
"s3925","Italy"
"s3926","United States"
"s3927","United States"
"s3928","United States"
"s3929","South Korea"
"s3930","Brazil"
"s3931","Canada"
"s3931","Germany"
"s3932","United States"
"s3933","India"
"s3935","United States"
"s3936","United States"
"s3937","United Kingdom"
"s3938","United States"
"s3939","United States"
"s3939","United Kingdom"
"s3940","India"
"s3941","Sweden"
"s3942","Malaysia"
"s3943","Canada"
"s3943","United States"
"s3944","United States"
"s3945","Mexico"
"s3946","United States"
"s3947","South Korea"
"s3949","Indonesia"
"s3950","Lebanon"
"s3951","India"
"s3952","Malaysia"
"s3953","United States"
"s3955","China"
"s3956","Pakistan"
"s3956","United Arab Emirates"
"s3957","South Korea"
"s3958","United States"
"s3959","United States"
"s3959","Japan"
"s3960","United States"
"s3961","Ghana"
"s3961","United States"
"s3962","United Kingdom"
"s3963","India"
"s3964","Mexico"
"s3964","Finland"
"s3965","France"
"s3966","United States"
"s3967","United States"
"s3968","United States"
"s3970","United Kingdom"
"s3971","France"
"s3971","Canada"
"s3972","Japan"
"s3973","Indonesia"
"s3974","Indonesia"
"s3975","United States"
"s3976","India"
"s3978","Spain"
"s3979","Thailand"
"s3980","United States"
"s3981","Mexico"
"s3982","India"
"s3983","Spain"
"s3984","United States"
"s3986","United States"
"s3987","United States"
"s3989","Canada"
"s3990","Japan"
"s3991","Philippines"
"s3992","Philippines"
"s3993","Philippines"
"s3994","Philippines"
"s3995","Philippines"
"s3996","Uruguay"
"s3998","India"
"s3999","Japan"
"s4000","United States"