show_id,season_number
"s1","1"
"s2","1"
"s2","2"
"s3","1"
"s4","1"
"s5","1"
"s5","2"
"s6","1"
"s7","1"
"s8","1"
"s9","1"
"s9","2"
"s9","3"
"s9","4"
"s9","5"
"s9","6"
"s9","7"
"s9","8"
"s9","9"
"s10","1"
"s11","1"
"s12","1"
"s13","1"
"s14","1"
"s15","1"
"s16","1"
"s16","2"
"s16","3"
"s16","4"
"s17","1"
"s18","1"
"s18","2"
"s19","1"
"s20","1"
"s21","1"
"s22","1"
"s22","2"
"s22","3"
"s22","4"
"s22","5"
"s23","1"
"s24","1"
"s25","1"
"s26","1"
"s26","2"
"s27","1"
"s28","1"
"s29","1"
"s30","1"
"s31","1"
"s32","1"
"s33","1"
"s33","2"
"s33","3"
"s34","1"
"s35","1"
"s36","1"
"s37","1"
"s38","1"
"s39","1"
"s40","1"
"s40","2"
"s40","3"
"s41","1"
"s42","1"
"s43","1"
"s44","1"
"s45","1"
"s46","1"
"s47","1"
"s48","1"
"s49","1"
"s50","1"
"s50","2"
"s51","1"
"s52","1"
"s53","1"
"s54","1"
"s55","1"
"s56","1"
"s56","2"
"s56","3"
"s56","4"
"s56","5"
"s56","6"
"s57","1"
"s58","1"
"s59","1"
"s60","1"
"s61","1"
"s62","1"
"s63","1"
"s64","1"
"s65","1"
"s66","1"
"s66","2"
"s66","3"
"s66","4"
"s66","5"
"s66","6"
"s67","1"
"s68","1"
"s68","2"
"s68","3"
"s68","4"
"s68","5"
"s68","6"
"s68","7"
"s68","8"
"s68","9"
"s69","1"
"s70","1"
"s71","1"
"s72","1"
"s73","1"
"s73","2"
"s73","3"
"s73","4"
"s73","5"
"s74","1"
"s75","1"
"s75","2"
"s76","1"
"s77","1"
"s78","1"
"s79","1"
"s80","1"
"s81","1"
"s82","1"
"s83","1"
"s83","2"
"s83","3"
"s83","4"
"s83","5"
"s83","6"
"s84","1"
"s85","1"
"s86","1"
"s87","1"
"s88","1"
"s88","2"
"s89","1"
"s90","1"
"s90","2"
"s90","3"
"s90","4"
"s91","1"
"s92","1"
"s93","1"
"s93","2"
"s94","1"
"s95","1"
"s96","1"
"s96","2"
"s96","3"
"s97","1"
"s98","1"
"s98","2"
"s99","1"
"s100","1"
"s101","1"
"s101","2"
"s102","1"
"s103","1"
"s104","1"
"s105","1"
"s105","2"
"s106","1"
"s107","1"
"s107","2"
"s107","3"
"s107","4"
"s107","5"
"s108","1"
"s109","1"
"s110","1"
"s110","2"
"s110","3"
"s110","4"
"s110","5"
"s111","1"
"s112","1"
"s113","1"
"s114","1"
"s115","1"
"s116","1"
"s117","1"
"s118","1"
"s119","1"
"s120","1"
"s121","1"
"s122","1"
"s123","1"
"s124","1"
"s125","1"
"s125","2"
"s125","3"
"s126","1"
"s127","1"
"s128","1"
"s129","1"
"s130","1"
"s131","1"
"s132","1"
"s133","1"
"s134","1"
"s135","1"
"s136","1"
"s137","1"
"s138","1"
"s139","1"
"s140","1"
"s141","1"
"s142","1"
"s143","1"
"s144","1"
"s145","1"
"s146","1"
"s147","1"
"s148","1"
"s149","1"
"s150","1"
"s151","1"
"s152","1"
"s153","1"
"s154","1"
"s154","2"
"s155","1"
"s155","2"
"s155","3"
"s156","1"
"s157","1"
"s158","1"
"s159","1"
"s160","1"
"s161","1"
"s161","2"
"s161","3"
"s161","4"
"s162","1"
"s163","1"
"s164","1"
"s165","1"
"s166","1"
"s167","1"
"s168","1"
"s169","1"
"s170","1"
"s171","1"
"s172","1"
"s173","1"
"s174","1"
"s175","1"
"s176","1"
"s177","1"
"s178","1"
"s179","1"
"s180","1"
"s181","1"
"s182","1"
"s183","1"
"s184","1"
"s185","1"
"s186","1"
"s187","1"
"s188","1"
"s189","1"
"s190","1"
"s190","2"
"s191","1"
"s192","1"
"s193","1"
"s194","1"
"s195","1"
"s196","1"
"s197","1"
"s198","1"
"s199","1"
"s200","1"
"s201","1"
"s202","1"
"s203","1"
"s204","1"
"s205","1"
"s206","1"
"s207","1"
"s208","1"
"s209","1"
"s210","1"
"s211","1"
"s212","1"
"s213","1"
"s213","2"
"s214","1"
"s214","2"
"s214","3"
"s215","1"
"s216","1"
"s217","1"
"s218","1"
"s219","1"
"s220","1"
"s221","1"
"s221","2"
"s221","3"
"s221","4"
"s222","1"
"s223","1"
"s224","1"
"s225","1"
"s226","1"
"s227","1"
"s228","1"
"s229","1"
"s230","1"
"s231","1"
"s232","1"
"s233","1"
"s233","2"
"s233","3"
"s234","1"
"s235","1"
"s236","1"
"s237","1"
"s238","1"
"s239","1"
"s240","1"
"s241","1"
"s242","1"
"s242","2"
"s242","3"
"s243","1"
"s244","1"
"s245","1"
"s246","1"
"s247","1"
"s248","1"
"s249","1"
"s250","1"
"s251","1"
"s252","1"
"s253","1"
"s254","1"
"s255","1"
"s255","2"
"s255","3"
"s255","4"
"s255","5"
"s256","1"
"s257","1"
"s258","1"
"s259","1"
"s260","1"
"s261","1"
"s262","1"
"s263","1"
"s264","1"
"s264","2"
"s265","1"
"s266","1"
"s267","1"
"s268","1"
"s269","1"
"s270","1"
"s270","2"
"s271","1"
"s272","1"
"s273","1"
"s273","2"
"s273","3"
"s273","4"
"s273","5"
"s274","1"
"s275","1"
"s275","2"
"s275","3"
"s275","4"
"s275","5"
"s275","6"
"s275","7"
"s276","1"
"s277","1"
"s277","2"
"s278","1"
"s279","1"
"s280","1"
"s281","1"
"s282","1"
"s283","1"
"s284","1"
"s285","1"
"s286","1"
"s287","1"
"s287","2"
"s288","1"
"s289","1"
"s290","1"
"s291","1"
"s292","1"
"s293","1"
"s294","1"
"s295","1"
"s296","1"
"s297","1"
"s298","1"
"s299","1"
"s300","1"
"s301","1"
"s302","1"
"s303","1"
"s304","1"
"s305","1"
"s306","1"
"s307","1"
"s308","1"
"s309","1"
"s310","1"
"s310","2"
"s310","3"
"s311","1"
"s312","1"
"s312","2"
"s313","1"
"s314","1"
"s315","1"
"s316","1"
"s317","1"
"s318","1"
"s319","1"
"s320","1"
"s321","1"
"s322","1"
"s323","1"
"s324","1"
"s324","2"
"s324","3"
"s324","4"
"s324","5"
"s324","6"
"s324","7"
"s325","1"
"s325","2"
"s325","3"
"s326","1"
"s327","1"
"s328","1"
"s329","1"
"s330","1"
"s331","1"
"s332","1"
"s333","1"
"s334","1"
"s335","1"
"s336","1"
"s337","1"
"s337","2"
"s337","3"
"s337","4"
"s337","5"
"s338","1"
"s339","1"
"s339","2"
"s339","3"
"s339","4"
"s339","5"
"s339","6"
"s340","1"
"s341","1"
"s342","1"
"s343","1"
"s344","1"
"s345","1"
"s346","1"
"s347","1"
"s348","1"
"s349","1"
"s350","1"
"s351","1"
"s352","1"
"s353","1"
"s354","1"
"s355","1"
"s356","1"
"s357","1"
"s358","1"
"s359","1"
"s360","1"
"s361","1"
"s362","1"
"s362","2"
"s362","3"
"s363","1"
"s364","1"
"s365","1"
"s366","1"
"s367","1"
"s367","2"
"s367","3"
"s368","1"
"s369","1"
"s370","1"
"s371","1"
"s371","2"
"s372","1"
"s373","1"
"s374","1"
"s375","1"
"s376","1"
"s377","1"
"s378","1"
"s379","1"
"s380","1"
"s381","1"
"s381","2"
"s381","3"
"s381","4"
"s381","5"
"s381","6"
"s381","7"
"s382","1"
"s383","1"
"s383","2"
"s383","3"
"s384","1"
"s385","1"
"s386","1"
"s386","2"
"s386","3"
"s387","1"
"s387","2"
"s387","3"
"s387","4"
"s388","1"
"s389","1"
"s390","1"
"s391","1"
"s391","2"
"s391","3"
"s391","4"
"s391","5"
"s391","6"
"s391","7"
"s391","8"
"s391","9"
"s391","10"
"s392","1"
"s392","2"
"s392","3"
"s392","4"
"s393","1"
"s394","1"
"s395","1"
"s396","1"
"s397","1"
"s398","1"
"s399","1"
"s400","1"
"s401","1"
"s402","1"
"s402","2"
"s403","1"
"s404","1"
"s404","2"
"s405","1"
"s406","1"
"s407","1"
"s408","1"
"s409","1"
"s410","1"
"s411","1"
"s412","1"
"s413","1"
"s414","1"
"s415","1"
"s416","1"
"s417","1"
"s418","1"
"s419","1"
"s420","1"
"s421","1"
"s422","1"
"s423","1"
"s424","1"
"s425","1"
"s426","1"
"s426","2"
"s426","3"
"s426","4"
"s426","5"
"s427","1"
"s428","1"
"s429","1"
"s430","1"
"s431","1"
"s432","1"
"s433","1"
"s434","1"
"s435","1"
"s436","1"
"s437","1"
"s438","1"
"s439","1"
"s440","1"
"s441","1"
"s441","2"
"s441","3"
"s442","1"
"s443","1"
"s444","1"
"s445","1"
"s446","1"
"s447","1"
"s448","1"
"s449","1"
"s450","1"
"s451","1"
"s452","1"
"s453","1"
"s454","1"
"s454","2"
"s455","1"
"s456","1"
"s457","1"
"s458","1"
"s459","1"
"s460","1"
"s460","2"
"s461","1"
"s462","1"
"s463","1"
"s464","1"
"s465","1"
"s466","1"
"s467","1"
"s468","1"
"s469","1"
"s470","1"
"s471","1"
"s472","1"
"s473","1"
"s474","1"
"s475","1"
"s476","1"
"s477","1"
"s478","1"
"s478","2"
"s478","3"
"s478","4"
"s479","1"
"s479","2"
"s480","1"
"s481","1"
"s482","1"
"s483","1"
"s484","1"
"s485","1"
"s486","1"
"s487","1"
"s488","1"
"s489","1"
"s489","2"
"s489","3"
"s490","1"
"s491","1"
"s492","1"
"s493","1"
"s494","1"
"s495","1"
"s496","1"
"s497","1"
"s498","1"
"s499","1"
"s500","1"
"s500","2"
"s501","1"
"s502","1"
"s503","1"
"s504","1"
"s504","2"
"s505","1"
"s506","1"
"s507","1"
"s508","1"
"s509","1"
"s510","1"
"s510","2"
"s510","3"
"s511","1"
"s511","2"
"s512","1"
"s512","2"
"s513","1"
"s513","2"
"s513","3"
"s513","4"
"s514","1"
"s514","2"
"s514","3"
"s515","1"
"s515","2"
"s515","3"
"s515","4"
"s515","5"
"s516","1"
"s516","2"
"s517","1"
"s517","2"
"s518","1"
"s518","2"
"s519","1"
"s520","1"
"s520","2"
"s521","1"
"s521","2"
"s522","1"
"s522","2"
"s522","3"
"s522","4"
"s522","5"
"s523","1"
"s523","2"
"s523","3"
"s524","1"
"s524","2"
"s524","3"
"s525","1"
"s525","2"
"s526","1"
"s526","2"
"s526","3"
"s526","4"
"s526","5"
"s526","6"
"s526","7"
"s526","8"
"s527","1"
"s527","2"
"s527","3"
"s527","4"
"s527","5"
"s527","6"
"s527","7"
"s528","1"
"s528","2"
"s529","1"
"s530","1"
"s531","1"
"s531","2"
"s532","1"
"s533","1"
"s533","2"
"s533","3"
"s534","1"
"s534","2"
"s534","3"
"s535","1"
"s536","1"
"s536","2"
"s537","1"
"s537","2"
"s537","3"
"s538","1"
"s538","2"
"s538","3"
"s538","4"
"s538","5"
"s538","6"
"s539","1"
"s539","2"
"s540","1"
"s540","2"
"s541","1"
"s541","2"
"s541","3"
"s541","4"
"s542","1"
"s543","1"
"s544","1"
"s544","2"
"s545","1"
"s545","2"
"s545","3"
"s545","4"
"s545","5"
"s546","1"
"s546","2"
"s546","3"
"s547","1"
"s548","1"
"s549","1"
"s549","2"
"s549","3"
"s549","4"
"s549","5"
"s549","6"
"s549","7"
"s549","8"
"s549","9"
"s549","10"
"s549","11"
"s549","12"
"s549","13"
"s549","14"
"s549","15"
"s549","16"
"s549","17"
"s550","1"
"s551","1"
"s552","1"
"s553","1"
"s554","1"
"s554","2"
"s555","1"
"s556","1"
"s557","1"
"s558","1"
"s559","1"
"s560","1"
"s561","1"
"s562","1"
"s563","1"
"s564","1"
"s565","1"
"s566","1"
"s567","1"
"s568","1"
"s569","1"
"s570","1"
"s571","1"
"s572","1"
"s573","1"
"s574","1"
"s575","1"
"s576","1"
"s577","1"
"s578","1"
"s579","1"
"s580","1"
"s581","1"
"s582","1"
"s583","1"
"s584","1"
"s585","1"
"s586","1"
"s587","1"
"s588","1"
"s589","1"
"s590","1"
"s591","1"
"s591","2"
"s591","3"
"s592","1"
"s593","1"
"s594","1"
"s595","1"
"s596","1"
"s597","1"
"s598","1"
"s599","1"
"s600","1"
"s601","1"
"s602","1"
"s603","1"
"s604","1"
"s605","1"
"s606","1"
"s607","1"
"s608","1"
"s609","1"
"s610","1"
"s611","1"
"s612","1"
"s613","1"
"s614","1"
"s615","1"
"s616","1"
"s617","1"
"s618","1"
"s619","1"
"s620","1"
"s621","1"
"s622","1"
"s623","1"
"s624","1"
"s625","1"
"s626","1"
"s627","1"
"s628","1"
"s629","1"
"s629","2"
"s629","3"
"s629","4"
"s630","1"
"s631","1"
"s632","1"
"s632","2"
"s632","3"
"s632","4"
"s632","5"
"s633","1"
"s634","1"
"s635","1"
"s636","1"
"s637","1"
"s638","1"
"s639","1"
"s640","1"
"s641","1"
"s642","1"
"s643","1"
"s643","2"
"s644","1"
"s645","1"
"s646","1"
"s647","1"
"s648","1"
"s649","1"
"s649","2"
"s650","1"
"s651","1"
"s652","1"
"s653","1"
"s654","1"
"s655","1"
"s656","1"
"s657","1"
"s658","1"
"s658","2"
"s659","1"
"s660","1"
"s661","1"
"s661","2"
"s661","3"
"s661","4"
"s662","1"
"s662","2"
"s662","3"
"s662","4"
"s663","1"
"s664","1"
"s665","1"
"s665","2"
"s666","1"
"s666","2"
"s667","1"
"s668","1"
"s668","2"
"s668","3"
"s668","4"
"s668","5"
"s668","6"
"s669","1"
"s669","2"
"s669","3"
"s670","1"
"s670","2"
"s670","3"
"s670","4"
"s670","5"
"s671","1"
"s672","1"
"s673","1"
"s674","1"
"s675","1"
"s675","2"
"s676","1"
"s677","1"
"s677","2"
"s677","3"
"s677","4"
"s678","1"
"s678","2"
"s678","3"
"s678","4"
"s678","5"
"s678","6"
"s679","1"
"s680","1"
"s681","1"
"s682","1"
"s683","1"
"s684","1"
"s685","1"
"s685","2"
"s685","3"
"s685","4"
"s686","1"
"s687","1"
"s687","2"
"s688","1"
"s689","1"
"s690","1"
"s691","1"
"s692","1"
"s693","1"
"s694","1"
"s695","1"
"s696","1"
"s697","1"
"s697","2"
"s698","1"
"s699","1"
"s700","1"
"s701","1"
"s702","1"
"s703","1"
"s704","1"
"s704","2"
"s704","3"
"s705","1"
"s706","1"
"s707","1"
"s708","1"
"s709","1"
"s710","1"
"s710","2"
"s710","3"
"s711","1"
"s712","1"
"s713","1"
"s714","1"
"s715","1"
"s716","1"
"s717","1"
"s718","1"
"s719","1"
"s720","1"
"s721","1"
"s721","2"
"s722","1"
"s723","1"
"s724","1"
"s725","1"
"s726","1"
"s727","1"
"s728","1"
"s729","1"
"s730","1"
"s731","1"
"s732","1"
"s732","2"
"s733","1"
"s734","1"
"s734","2"
"s735","1"
"s735","2"
"s736","1"
"s737","1"
"s738","1"
"s739","1"
"s740","1"
"s741","1"
"s742","1"
"s743","1"
"s744","1"
"s745","1"
"s746","1"
"s747","1"
"s748","1"
"s749","1"
"s750","1"
"s750","2"
"s751","1"
"s752","1"
"s752","2"
"s753","1"
"s754","1"
"s755","1"
"s756","1"
"s757","1"
"s758","1"
"s759","1"
"s759","2"
"s760","1"
"s761","1"
"s762","1"
"s763","1"
"s764","1"
"s765","1"
"s766","1"
"s767","1"
"s768","1"
"s769","1"
"s770","1"
"s771","1"
"s772","1"
"s773","1"
"s773","2"
"s774","1"
"s775","1"
"s776","1"
"s777","1"
"s778","1"
"s779","1"
"s780","1"
"s781","1"
"s781","2"
"s782","1"
"s783","1"
"s784","1"
"s785","1"
"s786","1"
"s786","2"
"s786","3"
"s787","1"
"s788","1"
"s789","1"
"s790","1"
"s790","2"
"s790","3"
"s790","4"
"s790","5"
"s790","6"
"s791","1"
"s792","1"
"s793","1"
"s794","1"
"s795","1"
"s796","1"
"s796","2"
"s796","3"
"s797","1"
"s798","1"
"s799","1"
"s800","1"
"s801","1"
"s802","1"
"s803","1"
"s804","1"
"s805","1"
"s806","1"
"s807","1"
"s808","1"
"s809","1"
"s810","1"
"s811","1"
"s812","1"
"s813","1"
"s814","1"
"s815","1"
"s816","1"
"s817","1"
"s818","1"
"s819","1"
"s820","1"
"s821","1"
"s821","2"
"s821","3"
"s822","1"
"s823","1"
"s824","1"
"s825","1"
"s826","1"
"s826","2"
"s827","1"
"s828","1"
"s829","1"
"s830","1"
"s831","1"
"s831","2"
"s831","3"
"s832","1"
"s832","2"
"s833","1"
"s834","1"
"s835","1"
"s836","1"
"s837","1"
"s838","1"
"s838","2"
"s839","1"
"s840","1"
"s841","1"
"s842","1"
"s843","1"
"s844","1"
"s844","2"
"s844","3"
"s845","1"
"s846","1"
"s847","1"
"s848","1"
"s849","1"
"s849","2"
"s849","3"
"s850","1"
"s851","1"
"s852","1"
"s853","1"
"s854","1"
"s855","1"
"s856","1"
"s856","2"
"s856","3"
"s857","1"
"s858","1"
"s858","2"
"s859","1"
"s860","1"
"s861","1"
"s862","1"
"s863","1"
"s863","2"
"s864","1"
"s865","1"
"s866","1"
"s867","1"
"s868","1"
"s869","1"
"s870","1"
"s870","2"
"s871","1"
"s872","1"
"s873","1"
"s874","1"
"s875","1"
"s876","1"
"s877","1"
"s878","1"
"s879","1"
"s880","1"
"s881","1"
"s881","2"
"s881","3"
"s882","1"
"s883","1"
"s884","1"
"s884","2"
"s885","1"
"s886","1"
"s887","1"
"s888","1"
"s889","1"
"s890","1"
"s891","1"
"s891","2"
"s891","3"
"s891","4"
"s892","1"
"s893","1"
"s894","1"
"s895","1"
"s896","1"
"s897","1"
"s898","1"
"s899","1"
"s900","1"
"s901","1"
"s902","1"
"s903","1"
"s904","1"
"s905","1"
"s906","1"
"s907","1"
"s908","1"
"s909","1"
"s910","1"
"s911","1"
"s912","1"
"s912","2"
"s913","1"
"s914","1"
"s915","1"
"s916","1"
"s917","1"
"s918","1"
"s919","1"
"s920","1"
"s921","1"
"s921","2"
"s922","1"
"s922","2"
"s922","3"
"s923","1"
"s924","1"
"s924","2"
"s925","1"
"s926","1"
"s926","2"
"s927","1"
"s928","1"
"s928","2"
"s929","1"
"s930","1"
"s931","1"
"s932","1"
"s933","1"
"s934","1"
"s935","1"
"s936","1"
"s937","1"
"s938","1"
"s939","1"
"s940","1"
"s941","1"
"s942","1"
"s943","1"
"s944","1"
"s945","1"
"s946","1"
"s947","1"
"s948","1"
"s949","1"
"s950","1"
"s951","1"
"s952","1"
"s953","1"
"s954","1"
"s955","1"
"s956","1"
"s957","1"
"s958","1"
"s959","1"
"s960","1"
"s961","1"
"s962","1"
"s963","1"
"s964","1"
"s964","2"
"s965","1"
"s966","1"
"s967","1"
"s968","1"
"s969","1"
"s970","1"
"s971","1"
"s972","1"
"s973","1"
"s974","1"
"s975","1"
"s976","1"
"s977","1"
"s978","1"
"s979","1"
"s980","1"
"s981","1"
"s982","1"
"s983","1"
"s984","1"
"s985","1"
"s986","1"
"s987","1"
"s988","1"
"s989","1"
"s990","1"
"s991","1"
"s992","1"
"s993","1"
"s994","1"
"s995","1"
"s996","1"
"s997","1"
"s998","1"
"s999","1"
"s1000","1"
"s1001","1"
"s1002","1"
"s1003","1"
"s1004","1"
"s1005","1"
"s1005","2"
"s1006","1"
"s1007","1"
"s1008","1"
"s1009","1"
"s1010","1"
"s1011","1"
"s1012","1"
"s1013","1"
"s1013","2"
"s1014","1"
"s1015","1"
"s1015","2"
"s1015","3"
"s1016","1"
"s1017","1"
"s1018","1"
"s1019","1"
"s1020","1"
"s1021","1"
"s1022","1"
"s1023","1"
"s1024","1"
"s1025","1"
"s1026","1"
"s1027","1"
"s1028","1"
"s1029","1"
"s1030","1"
"s1031","1"
"s1032","1"
"s1033","1"
"s1034","1"
"s1035","1"
"s1036","1"
"s1037","1"
"s1038","1"
"s1039","1"
"s1040","1"
"s1041","1"
"s1042","1"
"s1043","1"
"s1044","1"
"s1044","2"
"s1044","3"
"s1044","4"
"s1044","5"
"s1044","6"
"s1044","7"
"s1045","1"
"s1046","1"
"s1047","1"
"s1048","1"
"s1049","1"
"s1049","2"
"s1049","3"
"s1050","1"
"s1051","1"
"s1052","1"
"s1052","2"
"s1053","1"
"s1054","1"
"s1055","1"
"s1056","1"
"s1057","1"
"s1058","1"
"s1059","1"
"s1060","1"
"s1060","2"
"s1060","3"
"s1060","4"
"s1060","5"
"s1060","6"
"s1061","1"
"s1062","1"
"s1063","1"
"s1064","1"
"s1065","1"
"s1066","1"
"s1066","2"
"s1066","3"
"s1067","1"
"s1068","1"
"s1069","1"
"s1070","1"
"s1071","1"
"s1072","1"
"s1073","1"
"s1074","1"
"s1075","1"
"s1076","1"
"s1077","1"
"s1078","1"
"s1079","1"
"s1080","1"
"s1081","1"
"s1082","1"
"s1082","2"
"s1082","3"
"s1082","4"
"s1083","1"
"s1084","1"
"s1085","1"
"s1086","1"
"s1087","1"
"s1088","1"
"s1089","1"
"s1090","1"
"s1091","1"
"s1092","1"
"s1093","1"
"s1094","1"
"s1094","2"
"s1095","1"
"s1096","1"
"s1097","1"
"s1098","1"
"s1099","1"
"s1100","1"
"s1101","1"
"s1102","1"
"s1103","1"
"s1104","1"
"s1105","1"
"s1106","1"
"s1107","1"
"s1108","1"
"s1109","1"
"s1110","1"
"s1111","1"
"s1112","1"
"s1113","1"
"s1114","1"
"s1115","1"
"s1116","1"
"s1117","1"
"s1118","1"
"s1119","1"
"s1120","1"
"s1121","1"
"s1122","1"
"s1123","1"
"s1124","1"
"s1124","2"
"s1125","1"
"s1126","1"
"s1126","2"
"s1127","1"
"s1128","1"
"s1128","2"
"s1129","1"
"s1130","1"
"s1130","2"
"s1131","1"
"s1132","1"
"s1133","1"
"s1134","1"
"s1135","1"
"s1136","1"
"s1137","1"
"s1138","1"
"s1139","1"
"s1140","1"
"s1141","1"
"s1142","1"
"s1143","1"
"s1144","1"
"s1145","1"
"s1146","1"
"s1147","1"
"s1148","1"
"s1149","1"
"s1149","2"
"s1150","1"
"s1151","1"
"s1152","1"
"s1153","1"
"s1154","1"
"s1155","1"
"s1156","1"
"s1157","1"
"s1158","1"
"s1159","1"
"s1159","2"
"s1159","3"
"s1159","4"
"s1160","1"
"s1161","1"
"s1162","1"
"s1163","1"
"s1164","1"
"s1165","1"
"s1166","1"
"s1167","1"
"s1168","1"
"s1169","1"
"s1170","1"
"s1171","1"
"s1172","1"
"s1173","1"
"s1174","1"
"s1174","2"
"s1174","3"
"s1174","4"
"s1174","5"
"s1174","6"
"s1175","1"
"s1176","1"
"s1177","1"
"s1178","1"
"s1179","1"
"s1180","1"
"s1180","2"
"s1180","3"
"s1180","4"
"s1181","1"
"s1181","2"
"s1182","1"
"s1183","1"
"s1183","2"
"s1183","3"
"s1184","1"
"s1185","1"
"s1186","1"
"s1187","1"
"s1187","2"
"s1188","1"
"s1189","1"
"s1190","1"
"s1191","1"
"s1192","1"
"s1193","1"
"s1194","1"
"s1195","1"
"s1196","1"
"s1197","1"
"s1198","1"
"s1199","1"
"s1200","1"
"s1201","1"
"s1202","1"
"s1203","1"
"s1204","1"
"s1205","1"
"s1206","1"
"s1207","1"
"s1208","1"
"s1209","1"
"s1210","1"
"s1211","1"
"s1211","2"
"s1212","1"
"s1213","1"
"s1214","1"
"s1214","2"
"s1214","3"
"s1215","1"
"s1216","1"
"s1217","1"
"s1218","1"
"s1219","1"
"s1220","1"
"s1221","1"
"s1222","1"
"s1223","1"
"s1224","1"
"s1225","1"
"s1226","1"
"s1227","1"
"s1228","1"
"s1229","1"
"s1230","1"
"s1231","1"
"s1232","1"
"s1233","1"
"s1234","1"
"s1235","1"
"s1236","1"
"s1236","2"
"s1236","3"
"s1236","4"
"s1237","1"
"s1238","1"
"s1239","1"
"s1240","1"
"s1241","1"
"s1242","1"
"s1243","1"
"s1244","1"
"s1245","1"
"s1246","1"
"s1246","2"
"s1246","3"
"s1246","4"
"s1246","5"
"s1247","1"
"s1248","1"
"s1249","1"
"s1250","1"
"s1251","1"
"s1252","1"
"s1253","1"
"s1254","1"
"s1255","1"
"s1256","1"
"s1257","1"
"s1258","1"
"s1259","1"
"s1260","1"
"s1261","1"
"s1262","1"
"s1263","1"
"s1264","1"
"s1265","1"
"s1266","1"
"s1267","1"
"s1268","1"
"s1269","1"
"s1270","1"
"s1271","1"
"s1271","2"
"s1271","3"
"s1272","1"
"s1273","1"
"s1274","1"
"s1275","1"
"s1276","1"
"s1277","1"
"s1278","1"
"s1278","2"
"s1279","1"
"s1280","1"
"s1281","1"
"s1282","1"
"s1283","1"
"s1284","1"
"s1285","1"
"s1286","1"
"s1287","1"
"s1288","1"
"s1289","1"
"s1290","1"
"s1291","1"
"s1292","1"
"s1293","1"
"s1294","1"
"s1295","1"
"s1296","1"
"s1297","1"
"s1298","1"
"s1299","1"
"s1300","1"
"s1301","1"
"s1302","1"
"s1303","1"
"s1303","2"
"s1303","3"
"s1303","4"
"s1304","1"
"s1305","1"
"s1306","1"
"s1307","1"
"s1307","2"
"s1307","3"
"s1308","1"
"s1309","1"
"s1309","2"
"s1309","3"
"s1309","4"
"s1310","1"
"s1311","1"
"s1312","1"
"s1313","1"
"s1314","1"
"s1315","1"
"s1315","2"
"s1316","1"
"s1317","1"
"s1318","1"
"s1319","1"
"s1320","1"
"s1321","1"
"s1322","1"
"s1323","1"
"s1324","1"
"s1325","1"
"s1326","1"
"s1327","1"
"s1328","1"
"s1329","1"
"s1330","1"
"s1331","1"
"s1332","1"
"s1333","1"
"s1333","2"
"s1334","1"
"s1335","1"
"s1336","1"
"s1336","2"
"s1336","3"
"s1337","1"
"s1338","1"
"s1339","1"
"s1339","2"
"s1340","1"
"s1341","1"
"s1342","1"
"s1343","1"
"s1344","1"
"s1345","1"
"s1346","1"
"s1347","1"
"s1348","1"
"s1349","1"
"s1350","1"
"s1351","1"
"s1351","2"
"s1352","1"
"s1353","1"
"s1353","2"
"s1354","1"
"s1355","1"
"s1355","2"
"s1355","3"
"s1355","4"
"s1355","5"
"s1355","6"
"s1355","7"
"s1355","8"
"s1355","9"
"s1355","10"
"s1355","11"
"s1355","12"
"s1355","13"
"s1356","1"
"s1357","1"
"s1358","1"
"s1359","1"
"s1360","1"
"s1361","1"
"s1362","1"
"s1363","1"
"s1363","2"
"s1363","3"
"s1363","4"
"s1363","5"
"s1363","6"
"s1363","7"
"s1364","1"
"s1364","2"
"s1365","1"
"s1366","1"
"s1366","2"
"s1367","1"
"s1368","1"
"s1369","1"
"s1370","1"
"s1371","1"
"s1372","1"
"s1373","1"
"s1374","1"
"s1375","1"
"s1376","1"
"s1376","2"
"s1377","1"
"s1378","1"
"s1378","2"
"s1378","3"
"s1378","4"
"s1379","1"
"s1380","1"
"s1381","1"
"s1382","1"
"s1383","1"
"s1384","1"
"s1384","2"
"s1385","1"
"s1385","2"
"s1385","3"
"s1386","1"
"s1387","1"
"s1388","1"
"s1389","1"
"s1390","1"
"s1391","1"
"s1392","1"
"s1393","1"
"s1394","1"
"s1395","1"
"s1396","1"
"s1396","2"
"s1396","3"
"s1396","4"
"s1397","1"
"s1398","1"
"s1399","1"
"s1400","1"
"s1401","1"
"s1402","1"
"s1402","2"
"s1402","3"
"s1402","4"
"s1403","1"
"s1403","2"
"s1403","3"
"s1404","1"
"s1405","1"
"s1405","2"
"s1405","3"
"s1406","1"
"s1407","1"
"s1408","1"
"s1409","1"
"s1409","2"
"s1409","3"
"s1409","4"
"s1409","5"
"s1410","1"
"s1411","1"
"s1412","1"
"s1413","1"
"s1414","1"
"s1415","1"
"s1416","1"
"s1417","1"
"s1418","1"
"s1419","1"
"s1420","1"
"s1420","2"
"s1420","3"
"s1420","4"
"s1421","1"
"s1422","1"
"s1423","1"
"s1424","1"
"s1425","1"
"s1426","1"
"s1427","1"
"s1428","1"
"s1428","2"
"s1428","3"
"s1428","4"
"s1428","5"
"s1429","1"
"s1430","1"
"s1431","1"
"s1432","1"
"s1433","1"
"s1433","2"
"s1434","1"
"s1435","1"
"s1436","1"
"s1437","1"
"s1438","1"
"s1439","1"
"s1440","1"
"s1441","1"
"s1441","2"
"s1441","3"
"s1442","1"
"s1443","1"
"s1444","1"
"s1445","1"
"s1446","1"
"s1447","1"
"s1448","1"
"s1449","1"
"s1449","2"
"s1449","3"
"s1450","1"
"s1450","2"
"s1451","1"
"s1452","1"
"s1453","1"
"s1454","1"
"s1455","1"
"s1456","1"
"s1457","1"
"s1458","1"
"s1459","1"
"s1460","1"
"s1461","1"
"s1461","2"
"s1462","1"
"s1463","1"
"s1464","1"
"s1465","1"
"s1466","1"
"s1466","2"
"s1467","1"
"s1468","1"
"s1469","1"
"s1470","1"
"s1471","1"
"s1472","1"
"s1473","1"
"s1474","1"
"s1474","2"
"s1474","3"
"s1474","4"
"s1475","1"
"s1476","1"
"s1477","1"
"s1478","1"
"s1479","1"
"s1480","1"
"s1481","1"
"s1481","2"
"s1481","3"
"s1481","4"
"s1481","5"
"s1481","6"
"s1481","7"
"s1481","8"
"s1481","9"
"s1482","1"
"s1483","1"
"s1484","1"
"s1485","1"
"s1486","1"
"s1487","1"
"s1488","1"
"s1489","1"
"s1490","1"
"s1490","2"
"s1491","1"
"s1492","1"
"s1493","1"
"s1494","1"
"s1495","1"
"s1496","1"
"s1497","1"
"s1498","1"
"s1499","1"
"s1500","1"
"s1501","1"
"s1502","1"
"s1503","1"
"s1504","1"
"s1505","1"
"s1506","1"
"s1507","1"
"s1507","2"
"s1508","1"
"s1509","1"
"s1510","1"
"s1511","1"
"s1512","1"
"s1513","1"
"s1514","1"
"s1515","1"
"s1516","1"
"s1517","1"
"s1517","2"
"s1518","1"
"s1519","1"
"s1520","1"
"s1521","1"
"s1522","1"
"s1523","1"
"s1524","1"
"s1525","1"
"s1526","1"
"s1527","1"
"s1528","1"
"s1528","2"
"s1529","1"
"s1530","1"
"s1531","1"
"s1532","1"
"s1533","1"
"s1534","1"
"s1535","1"
"s1536","1"
"s1537","1"
"s1538","1"
"s1539","1"
"s1540","1"
"s1541","1"
"s1542","1"
"s1543","1"
"s1544","1"
"s1544","2"
"s1545","1"
"s1546","1"
"s1546","2"
"s1547","1"
"s1547","2"
"s1548","1"
"s1548","2"
"s1549","1"
"s1549","2"
"s1550","1"
"s1551","1"
"s1552","1"
"s1552","2"
"s1553","1"
"s1554","1"
"s1555","1"
"s1556","1"
"s1556","2"
"s1557","1"
"s1558","1"
"s1559","1"
"s1560","1"
"s1561","1"
"s1562","1"
"s1563","1"
"s1564","1"
"s1565","1"
"s1566","1"
"s1567","1"
"s1568","1"
"s1569","1"
"s1570","1"
"s1570","2"
"s1570","3"
"s1570","4"
"s1571","1"
"s1572","1"
"s1573","1"
"s1573","2"
"s1574","1"
"s1574","2"
"s1574","3"
"s1575","1"
"s1576","1"
"s1577","1"
"s1578","1"
"s1579","1"
"s1580","1"
"s1580","2"
"s1580","3"
"s1581","1"
"s1582","1"
"s1583","1"
"s1584","1"
"s1585","1"
"s1586","1"
"s1587","1"
"s1588","1"
"s1589","1"
"s1590","1"
"s1591","1"
"s1591","2"
"s1591","3"
"s1591","4"
"s1592","1"
"s1593","1"
"s1594","1"
"s1595","1"
"s1596","1"
"s1597","1"
"s1597","2"
"s1597","3"
"s1598","1"
"s1599","1"
"s1600","1"
"s1601","1"
"s1602","1"
"s1603","1"
"s1604","1"
"s1605","1"
"s1606","1"
"s1606","2"
"s1607","1"
"s1608","1"
"s1609","1"
"s1610","1"
"s1611","1"
"s1612","1"
"s1612","2"
"s1613","1"
"s1614","1"
"s1615","1"
"s1616","1"
"s1616","2"
"s1617","1"
"s1618","1"
"s1619","1"
"s1619","2"
"s1619","3"
"s1619","4"
"s1620","1"
"s1621","1"
"s1622","1"
"s1623","1"
"s1623","2"
"s1623","3"
"s1623","4"
"s1623","5"
"s1623","6"
"s1623","7"
"s1623","8"
"s1623","9"
"s1623","10"
"s1624","1"
"s1625","1"
"s1626","1"
"s1627","1"
"s1628","1"
"s1629","1"
"s1630","1"
"s1631","1"
"s1632","1"
"s1633","1"
"s1634","1"
"s1635","1"
"s1636","1"
"s1637","1"
"s1638","1"
"s1639","1"
"s1640","1"
"s1640","2"
"s1640","3"
"s1640","4"
"s1640","5"
"s1640","6"
"s1640","7"
"s1641","1"
"s1642","1"
"s1642","2"
"s1643","1"
"s1644","1"
"s1645","1"
"s1646","1"
"s1647","1"
"s1648","1"
"s1649","1"
"s1650","1"
"s1650","2"
"s1651","1"
"s1652","1"
"s1653","1"
"s1654","1"
"s1655","1"
"s1656","1"
"s1657","1"
"s1658","1"
"s1659","1"
"s1660","1"
"s1661","1"
"s1662","1"
"s1663","1"
"s1664","1"
"s1665","1"
"s1666","1"
"s1667","1"
"s1668","1"
"s1668","2"
"s1668","3"
"s1669","1"
"s1670","1"
"s1671","1"
"s1672","1"
"s1673","1"
"s1674","1"
"s1675","1"
"s1676","1"
"s1677","1"
"s1678","1"
"s1679","1"
"s1680","1"
"s1681","1"
"s1682","1"
"s1683","1"
"s1684","1"
"s1685","1"
"s1686","1"
"s1687","1"
"s1688","1"
"s1688","2"
"s1688","3"
"s1688","4"
"s1689","1"
"s1690","1"
"s1691","1"
"s1692","1"
"s1693","1"
"s1693","2"
"s1694","1"
"s1695","1"
"s1696","1"
"s1697","1"
"s1697","2"
"s1698","1"
"s1698","2"
"s1699","1"
"s1699","2"
"s1699","3"
"s1699","4"
"s1700","1"
"s1701","1"
"s1702","1"
"s1702","2"
"s1702","3"
"s1702","4"
"s1702","5"
"s1702","6"
"s1702","7"
"s1702","8"
"s1702","9"
"s1703","1"
"s1704","1"
"s1705","1"
"s1706","1"
"s1707","1"
"s1708","1"
"s1709","1"
"s1710","1"
"s1711","1"
"s1712","1"
"s1713","1"
"s1714","1"
"s1715","1"
"s1716","1"
"s1717","1"
"s1718","1"
"s1719","1"
"s1720","1"
"s1721","1"
"s1722","1"
"s1723","1"
"s1724","1"
"s1725","1"
"s1726","1"
"s1727","1"
"s1728","1"
"s1729","1"
"s1730","1"
"s1731","1"
"s1732","1"
"s1733","1"
"s1734","1"
"s1735","1"
"s1736","1"
"s1737","1"
"s1738","1"
"s1739","1"
"s1740","1"
"s1741","1"
"s1742","1"
"s1743","1"
"s1744","1"
"s1745","1"
"s1746","1"
"s1747","1"
"s1747","2"
"s1748","1"
"s1749","1"
"s1750","1"
"s1751","1"
"s1751","2"
"s1751","3"
"s1751","4"
"s1751","5"
"s1751","6"
"s1752","1"
"s1753","1"
"s1754","1"
"s1755","1"
"s1756","1"
"s1756","2"
"s1756","3"
"s1757","1"
"s1758","1"
"s1759","1"
"s1759","2"
"s1760","1"
"s1760","2"
"s1760","3"
"s1760","4"
"s1760","5"
"s1760","6"
"s1760","7"
"s1760","8"
"s1760","9"
"s1760","10"
"s1761","1"
"s1762","1"
"s1763","1"
"s1764","1"
"s1765","1"
"s1766","1"
"s1766","2"
"s1766","3"
"s1766","4"
"s1767","1"
"s1768","1"
"s1769","1"
"s1770","1"
"s1770","2"
"s1771","1"
"s1772","1"
"s1773","1"
"s1774","1"
"s1775","1"
"s1776","1"
"s1777","1"
"s1778","1"
"s1779","1"
"s1779","2"
"s1780","1"
"s1780","2"
"s1780","3"
"s1780","4"
"s1780","5"
"s1780","6"
"s1780","7"
"s1781","1"
"s1782","1"
"s1782","2"
"s1782","3"
"s1782","4"
"s1783","1"
"s1783","2"
"s1783","3"
"s1784","1"
"s1785","1"
"s1786","1"
"s1787","1"
"s1788","1"
"s1789","1"
"s1790","1"
"s1791","1"
"s1792","1"
"s1792","2"
"s1792","3"
"s1792","4"
"s1793","1"
"s1794","1"
"s1795","1"
"s1796","1"
"s1797","1"
"s1798","1"
"s1799","1"
"s1800","1"
"s1801","1"
"s1802","1"
"s1803","1"
"s1804","1"
"s1805","1"
"s1806","1"
"s1807","1"
"s1808","1"
"s1809","1"
"s1810","1"
"s1811","1"
"s1812","1"
"s1813","1"
"s1814","1"
"s1814","2"
"s1814","3"
"s1815","1"
"s1816","1"
"s1817","1"
"s1818","1"
"s1819","1"
"s1820","1"
"s1821","1"
"s1822","1"
"s1823","1"
"s1824","1"
"s1825","1"
"s1826","1"
"s1827","1"
"s1828","1"
"s1829","1"
"s1829","2"
"s1830","1"
"s1831","1"
"s1832","1"
"s1833","1"
"s1834","1"
"s1835","1"
"s1836","1"
"s1837","1"
"s1838","1"
"s1839","1"
"s1840","1"
"s1841","1"
"s1842","1"
"s1842","2"
"s1842","3"
"s1843","1"
"s1844","1"
"s1845","1"
"s1846","1"
"s1847","1"
"s1848","1"
"s1848","2"
"s1848","3"
"s1848","4"
"s1849","1"
"s1849","2"
"s1849","3"
"s1849","4"
"s1850","1"
"s1851","1"
"s1852","1"
"s1852","2"
"s1852","3"
"s1852","4"
"s1852","5"
"s1853","1"
"s1853","2"
"s1854","1"
"s1855","1"
"s1856","1"
"s1857","1"
"s1858","1"
"s1859","1"
"s1860","1"
"s1861","1"
"s1862","1"
"s1863","1"
"s1864","1"
"s1865","1"
"s1865","2"
"s1865","3"
"s1866","1"
"s1867","1"
"s1868","1"
"s1869","1"
"s1870","1"
"s1871","1"
"s1872","1"
"s1873","1"
"s1874","1"
"s1875","1"
"s1876","1"
"s1877","1"
"s1878","1"
"s1879","1"
"s1879","2"
"s1879","3"
"s1879","4"
"s1879","5"
"s1879","6"
"s1879","7"
"s1880","1"
"s1881","1"
"s1882","1"
"s1883","1"
"s1884","1"
"s1885","1"
"s1886","1"
"s1887","1"
"s1888","1"
"s1889","1"
"s1890","1"
"s1891","1"
"s1892","1"
"s1893","1"
"s1894","1"
"s1895","1"
"s1896","1"
"s1896","2"
"s1896","3"
"s1897","1"
"s1898","1"
"s1899","1"
"s1900","1"
"s1901","1"
"s1902","1"
"s1903","1"
"s1904","1"
"s1905","1"
"s1906","1"
"s1907","1"
"s1908","1"
"s1909","1"
"s1909","2"
"s1910","1"
"s1911","1"
"s1912","1"
"s1913","1"
"s1914","1"
"s1915","1"
"s1916","1"
"s1917","1"
"s1918","1"
"s1919","1"
"s1919","2"
"s1919","3"
"s1920","1"
"s1921","1"
"s1922","1"
"s1923","1"
"s1923","2"
"s1923","3"
"s1923","4"
"s1923","5"
"s1924","1"
"s1925","1"
"s1926","1"
"s1927","1"
"s1928","1"
"s1929","1"
"s1929","2"
"s1929","3"
"s1930","1"
"s1930","2"
"s1930","3"
"s1930","4"
"s1931","1"
"s1932","1"
"s1933","1"
"s1934","1"
"s1934","2"
"s1934","3"
"s1934","4"
"s1934","5"
"s1934","6"
"s1934","7"
"s1934","8"
"s1935","1"
"s1936","1"
"s1937","1"
"s1938","1"
"s1939","1"
"s1940","1"
"s1941","1"
"s1942","1"
"s1943","1"
"s1944","1"
"s1945","1"
"s1946","1"
"s1947","1"
"s1948","1"
"s1949","1"
"s1949","2"
"s1949","3"
"s1949","4"
"s1950","1"
"s1950","2"
"s1950","3"
"s1950","4"
"s1951","1"
"s1952","1"
"s1953","1"
"s1953","2"
"s1953","3"
"s1954","1"
"s1955","1"
"s1956","1"
"s1957","1"
"s1958","1"
"s1959","1"
"s1959","2"
"s1959","3"
"s1959","4"
"s1960","1"
"s1961","1"
"s1962","1"
"s1963","1"
"s1964","1"
"s1965","1"
"s1966","1"
"s1967","1"
"s1968","1"
"s1969","1"
"s1970","1"
"s1971","1"
"s1972","1"
"s1973","1"
"s1974","1"
"s1975","1"
"s1976","1"
"s1977","1"
"s1978","1"
"s1979","1"
"s1980","1"
"s1981","1"
"s1981","2"
"s1981","3"
"s1981","4"
"s1981","5"
"s1981","6"
"s1981","7"
"s1982","1"
"s1983","1"
"s1984","1"
"s1985","1"
"s1986","1"
"s1987","1"
"s1988","1"
"s1989","1"
"s1990","1"
"s1990","2"
"s1990","3"
"s1991","1"
"s1992","1"
"s1992","2"
"s1993","1"
"s1994","1"
"s1994","2"
"s1995","1"
"s1996","1"
"s1997","1"
"s1998","1"
"s1999","1"
"s1999","2"
"s1999","3"
"s1999","4"
"s1999","5"
"s1999","6"
"s1999","7"
"s1999","8"
"s1999","9"
"s2000","1"
"s2001","1"
"s2002","1"
"s2003","1"
"s2003","2"
"s2004","1"
"s2005","1"
"s2006","1"
"s2007","1"
"s2007","2"
"s2008","1"
"s2009","1"
"s2009","2"
"s2010","1"
"s2010","2"
"s2010","3"
"s2010","4"
"s2010","5"
"s2010","6"
"s2010","7"
"s2010","8"
"s2011","1"
"s2012","1"
"s2013","1"
"s2014","1"
"s2015","1"
"s2016","1"
"s2017","1"
"s2018","1"
"s2019","1"
"s2020","1"
"s2021","1"
"s2022","1"
"s2022","2"
"s2022","3"
"s2022","4"
"s2022","5"
"s2023","1"
"s2024","1"
"s2025","1"
"s2026","1"
"s2027","1"
"s2028","1"
"s2029","1"
"s2030","1"
"s2031","1"
"s2032","1"
"s2033","1"
"s2034","1"
"s2035","1"
"s2036","1"
"s2037","1"
"s2038","1"
"s2039","1"
"s2040","1"
"s2041","1"
"s2041","2"
"s2042","1"
"s2043","1"
"s2044","1"
"s2045","1"
"s2046","1"
"s2047","1"
"s2048","1"
"s2048","2"
"s2049","1"
"s2050","1"
"s2051","1"
"s2052","1"
"s2053","1"
"s2054","1"
"s2055","1"
"s2056","1"
"s2057","1"
"s2058","1"
"s2059","1"
"s2060","1"
"s2061","1"
"s2062","1"
"s2063","1"
"s2063","2"
"s2064","1"
"s2065","1"
"s2065","2"
"s2065","3"
"s2066","1"
"s2067","1"
"s2068","1"
"s2069","1"
"s2070","1"
"s2070","2"
"s2070","3"
"s2070","4"
"s2071","1"
"s2072","1"
"s2073","1"
"s2074","1"
"s2074","2"
"s2074","3"
"s2074","4"
"s2074","5"
"s2074","6"
"s2075","1"
"s2076","1"
"s2077","1"
"s2078","1"
"s2079","1"
"s2080","1"
"s2081","1"
"s2081","2"
"s2082","1"
"s2083","1"
"s2084","1"
"s2085","1"
"s2086","1"
"s2087","1"
"s2088","1"
"s2089","1"
"s2090","1"
"s2090","2"
"s2090","3"
"s2091","1"
"s2092","1"
"s2093","1"
"s2094","1"
"s2095","1"
"s2096","1"
"s2097","1"
"s2098","1"
"s2099","1"
"s2100","1"
"s2100","2"
"s2101","1"
"s2102","1"
"s2103","1"
"s2104","1"
"s2105","1"
"s2106","1"
"s2107","1"
"s2107","2"
"s2107","3"
"s2108","1"
"s2109","1"
"s2110","1"
"s2111","1"
"s2112","1"
"s2113","1"
"s2114","1"
"s2115","1"
"s2116","1"
"s2117","1"
"s2118","1"
"s2119","1"
"s2119","2"
"s2120","1"
"s2121","1"
"s2122","1"
"s2123","1"
"s2123","2"
"s2124","1"
"s2125","1"
"s2125","2"
"s2125","3"
"s2125","4"
"s2125","5"
"s2126","1"
"s2126","2"
"s2127","1"
"s2128","1"
"s2128","2"
"s2128","3"
"s2128","4"
"s2129","1"
"s2130","1"
"s2131","1"
"s2132","1"
"s2133","1"
"s2134","1"
"s2135","1"
"s2136","1"
"s2136","2"
"s2136","3"
"s2136","4"
"s2137","1"
"s2138","1"
"s2139","1"
"s2140","1"
"s2141","1"
"s2142","1"
"s2143","1"
"s2144","1"
"s2145","1"
"s2146","1"
"s2146","2"
"s2147","1"
"s2148","1"
"s2149","1"
"s2150","1"
"s2151","1"
"s2152","1"
"s2152","2"
"s2152","3"
"s2153","1"
"s2153","2"
"s2153","3"
"s2154","1"
"s2155","1"
"s2156","1"
"s2157","1"
"s2158","1"
"s2159","1"
"s2160","1"
"s2161","1"
"s2161","2"
"s2161","3"
"s2161","4"
"s2161","5"
"s2162","1"
"s2163","1"
"s2163","2"
"s2163","3"
"s2164","1"
"s2165","1"
"s2166","1"
"s2167","1"
"s2168","1"
"s2169","1"
"s2170","1"
"s2171","1"
"s2172","1"
"s2173","1"
"s2174","1"
"s2174","2"
"s2174","3"
"s2174","4"
"s2174","5"
"s2174","6"
"s2175","1"
"s2176","1"
"s2177","1"
"s2178","1"
"s2179","1"
"s2180","1"
"s2181","1"
"s2182","1"
"s2182","2"
"s2183","1"
"s2184","1"
"s2185","1"
"s2186","1"
"s2187","1"
"s2188","1"
"s2189","1"
"s2190","1"
"s2190","2"
"s2190","3"
"s2191","1"
"s2191","2"
"s2192","1"
"s2193","1"
"s2194","1"
"s2195","1"
"s2196","1"
"s2197","1"
"s2198","1"
"s2199","1"
"s2200","1"
"s2201","1"
"s2202","1"
"s2202","2"
"s2202","3"
"s2202","4"
"s2202","5"
"s2203","1"
"s2204","1"
"s2204","2"
"s2204","3"
"s2204","4"
"s2204","5"
"s2204","6"
"s2204","7"
"s2204","8"
"s2204","9"
"s2204","10"
"s2205","1"
"s2206","1"
"s2207","1"
"s2208","1"
"s2209","1"
"s2210","1"
"s2211","1"
"s2212","1"
"s2213","1"
"s2214","1"
"s2215","1"
"s2216","1"
"s2217","1"
"s2218","1"
"s2219","1"
"s2219","2"
"s2219","3"
"s2220","1"
"s2221","1"
"s2222","1"
"s2223","1"
"s2224","1"
"s2225","1"
"s2226","1"
"s2227","1"
"s2228","1"
"s2229","1"
"s2230","1"
"s2230","2"
"s2231","1"
"s2232","1"
"s2233","1"
"s2234","1"
"s2235","1"
"s2236","1"
"s2237","1"
"s2238","1"
"s2239","1"
"s2239","2"
"s2240","1"
"s2241","1"
"s2242","1"
"s2243","1"
"s2244","1"
"s2245","1"
"s2246","1"
"s2247","1"
"s2248","1"
"s2249","1"
"s2250","1"
"s2251","1"
"s2252","1"
"s2253","1"
"s2254","1"
"s2255","1"
"s2255","2"
"s2255","3"
"s2255","4"
"s2256","1"
"s2257","1"
"s2258","1"
"s2259","1"
"s2260","1"
"s2261","1"
"s2262","1"
"s2263","1"
"s2264","1"
"s2265","1"
"s2266","1"
"s2267","1"
"s2268","1"
"s2269","1"
"s2270","1"
"s2271","1"
"s2272","1"
"s2273","1"
"s2274","1"
"s2275","1"
"s2276","1"
"s2277","1"
"s2278","1"
"s2279","1"
"s2280","1"
"s2281","1"
"s2282","1"
"s2283","1"
"s2284","1"
"s2285","1"
"s2286","1"
"s2287","1"
"s2288","1"
"s2289","1"
"s2290","1"
"s2291","1"
"s2292","1"
"s2293","1"
"s2293","2"
"s2294","1"
"s2294","2"
"s2294","3"
"s2294","4"
"s2294","5"
"s2294","6"
"s2295","1"
"s2296","1"
"s2297","1"
"s2298","1"
"s2299","1"
"s2300","1"
"s2301","1"
"s2302","1"
"s2303","1"
"s2304","1"
"s2305","1"
"s2306","1"
"s2307","1"
"s2308","1"
"s2309","1"
"s2310","1"
"s2311","1"
"s2312","1"
"s2313","1"
"s2314","1"
"s2315","1"
"s2316","1"
"s2317","1"
"s2318","1"
"s2319","1"
"s2320","1"
"s2321","1"
"s2322","1"
"s2323","1"
"s2324","1"
"s2325","1"
"s2326","1"
"s2327","1"
"s2328","1"
"s2328","2"
"s2328","3"
"s2329","1"
"s2330","1"
"s2331","1"
"s2332","1"
"s2333","1"
"s2334","1"
"s2335","1"
"s2336","1"
"s2337","1"
"s2338","1"
"s2339","1"
"s2340","1"
"s2341","1"
"s2342","1"
"s2343","1"
"s2344","1"
"s2345","1"
"s2346","1"
"s2347","1"
"s2347","2"
"s2348","1"
"s2349","1"
"s2350","1"
"s2351","1"
"s2352","1"
"s2353","1"
"s2353","2"
"s2354","1"
"s2355","1"
"s2356","1"
"s2357","1"
"s2358","1"
"s2359","1"
"s2360","1"
"s2360","2"
"s2361","1"
"s2362","1"
"s2363","1"
"s2363","2"
"s2364","1"
"s2365","1"
"s2366","1"
"s2367","1"
"s2368","1"
"s2369","1"
"s2370","1"
"s2371","1"
"s2372","1"
"s2373","1"
"s2374","1"
"s2375","1"
"s2376","1"
"s2377","1"
"s2378","1"
"s2379","1"
"s2379","2"
"s2380","1"
"s2381","1"
"s2382","1"
"s2383","1"
"s2384","1"
"s2384","2"
"s2385","1"
"s2386","1"
"s2387","1"
"s2388","1"
"s2389","1"
"s2389","2"
"s2389","3"
"s2389","4"
"s2390","1"
"s2391","1"
"s2391","2"
"s2391","3"
"s2391","4"
"s2391","5"
"s2391","6"
"s2392","1"
"s2393","1"
"s2394","1"
"s2395","1"
"s2395","2"
"s2396","1"
"s2396","2"
"s2396","3"
"s2396","4"
"s2397","1"
"s2398","1"
"s2399","1"
"s2400","1"
"s2400","2"
"s2400","3"
"s2400","4"
"s2401","1"
"s2402","1"
"s2403","1"
"s2404","1"
"s2405","1"
"s2406","1"
"s2406","2"
"s2406","3"
"s2406","4"
"s2406","5"
"s2407","1"
"s2408","1"
"s2409","1"
"s2410","1"
"s2411","1"
"s2412","1"
"s2413","1"
"s2414","1"
"s2415","1"
"s2416","1"
"s2416","2"
"s2416","3"
"s2416","4"
"s2417","1"
"s2418","1"
"s2418","2"
"s2418","3"
"s2418","4"
"s2419","1"
"s2420","1"
"s2421","1"
"s2422","1"
"s2423","1"
"s2423","2"
"s2423","3"
"s2423","4"
"s2423","5"
"s2424","1"
"s2424","2"
"s2424","3"
"s2424","4"
"s2424","5"
"s2424","6"
"s2424","7"
"s2424","8"
"s2424","9"
"s2424","10"
"s2424","11"
"s2424","12"
"s2424","13"
"s2424","14"
"s2424","15"
"s2425","1"
"s2426","1"
"s2427","1"
"s2427","2"
"s2427","3"
"s2428","1"
"s2429","1"
"s2430","1"
"s2431","1"
"s2432","1"
"s2433","1"
"s2434","1"
"s2435","1"
"s2436","1"
"s2437","1"
"s2438","1"
"s2439","1"
"s2440","1"
"s2441","1"
"s2442","1"
"s2443","1"
"s2444","1"
"s2445","1"
"s2445","2"
"s2446","1"
"s2447","1"
"s2448","1"
"s2449","1"
"s2450","1"
"s2451","1"
"s2451","2"
"s2451","3"
"s2452","1"
"s2453","1"
"s2454","1"
"s2455","1"
"s2456","1"
"s2457","1"
"s2458","1"
"s2459","1"
"s2460","1"
"s2461","1"
"s2462","1"
"s2462","2"
"s2463","1"
"s2464","1"
"s2465","1"
"s2466","1"
"s2467","1"
"s2467","2"
"s2467","3"
"s2467","4"
"s2468","1"
"s2469","1"
"s2470","1"
"s2471","1"
"s2471","2"
"s2471","3"
"s2471","4"
"s2471","5"
"s2472","1"
"s2473","1"
"s2474","1"
"s2474","2"
"s2474","3"
"s2475","1"
"s2476","1"
"s2477","1"
"s2478","1"
"s2479","1"
"s2480","1"
"s2481","1"
"s2481","2"
"s2482","1"
"s2483","1"
"s2484","1"
"s2485","1"
"s2486","1"
"s2487","1"
"s2488","1"
"s2489","1"
"s2490","1"
"s2491","1"
"s2492","1"
"s2493","1"
"s2494","1"
"s2495","1"
"s2496","1"
"s2497","1"
"s2498","1"
"s2499","1"
"s2500","1"
"s2501","1"
"s2502","1"
"s2503","1"
"s2504","1"
"s2505","1"
"s2506","1"
"s2507","1"
"s2508","1"
"s2509","1"
"s2510","1"
"s2511","1"
"s2512","1"
"s2513","1"
"s2514","1"
"s2515","1"
"s2516","1"
"s2516","2"
"s2516","3"
"s2516","4"
"s2516","5"
"s2516","6"
"s2517","1"
"s2518","1"
"s2519","1"
"s2520","1"
"s2520","2"
"s2520","3"
"s2521","1"
"s2522","1"
"s2523","1"
"s2524","1"
"s2524","2"
"s2524","3"
"s2524","4"
"s2524","5"
"s2524","6"
"s2525","1"
"s2525","2"
"s2525","3"
"s2526","1"
"s2527","1"
"s2527","2"
"s2527","3"
"s2527","4"
"s2527","5"
"s2528","1"
"s2529","1"
"s2530","1"
"s2530","2"
"s2531","1"
"s2532","1"
"s2533","1"
"s2534","1"
"s2535","1"
"s2536","1"
"s2537","1"
"s2538","1"
"s2539","1"
"s2540","1"
"s2541","1"
"s2542","1"
"s2543","1"
"s2544","1"
"s2545","1"
"s2546","1"
"s2547","1"
"s2547","2"
"s2547","3"
"s2548","1"
"s2549","1"
"s2550","1"
"s2551","1"
"s2552","1"
"s2552","2"
"s2553","1"
"s2553","2"
"s2554","1"
"s2555","1"
"s2555","2"
"s2556","1"
"s2557","1"
"s2558","1"
"s2558","2"
"s2559","1"
"s2560","1"
"s2561","1"
"s2562","1"
"s2563","1"
"s2564","1"
"s2565","1"
"s2566","1"
"s2567","1"
"s2568","1"
"s2569","1"
"s2570","1"
"s2571","1"
"s2572","1"
"s2573","1"
"s2574","1"
"s2575","1"
"s2576","1"
"s2577","1"
"s2578","1"
"s2579","1"
"s2580","1"
"s2581","1"
"s2582","1"
"s2583","1"
"s2584","1"
"s2584","2"
"s2584","3"
"s2584","4"
"s2585","1"
"s2586","1"
"s2586","2"
"s2586","3"
"s2587","1"
"s2588","1"
"s2589","1"
"s2590","1"
"s2591","1"
"s2592","1"
"s2593","1"
"s2594","1"
"s2595","1"
"s2596","1"
"s2597","1"
"s2598","1"
"s2599","1"
"s2600","1"
"s2600","2"
"s2600","3"
"s2600","4"
"s2600","5"
"s2600","6"
"s2600","7"
"s2601","1"
"s2601","2"
"s2601","3"
"s2601","4"
"s2601","5"
"s2602","1"
"s2603","1"
"s2604","1"
"s2605","1"
"s2606","1"
"s2607","1"
"s2608","1"
"s2609","1"
"s2610","1"
"s2611","1"
"s2612","1"
"s2612","2"
"s2613","1"
"s2614","1"
"s2615","1"
"s2616","1"
"s2617","1"
"s2618","1"
"s2619","1"
"s2620","1"
"s2621","1"
"s2622","1"
"s2623","1"
"s2624","1"
"s2625","1"
"s2626","1"
"s2627","1"
"s2628","1"
"s2629","1"
"s2629","2"
"s2629","3"
"s2629","4"
"s2630","1"
"s2631","1"
"s2632","1"
"s2633","1"
"s2634","1"
"s2635","1"
"s2636","1"
"s2637","1"
"s2638","1"
"s2639","1"
"s2640","1"
"s2641","1"
"s2641","2"
"s2642","1"
"s2643","1"
"s2644","1"
"s2645","1"
"s2646","1"
"s2647","1"
"s2648","1"
"s2649","1"
"s2649","2"
"s2649","3"
"s2650","1"
"s2651","1"
"s2652","1"
"s2653","1"
"s2654","1"
"s2655","1"
"s2656","1"
"s2657","1"
"s2658","1"
"s2659","1"
"s2659","2"
"s2659","3"
"s2659","4"
"s2659","5"
"s2660","1"
"s2661","1"
"s2662","1"
"s2663","1"
"s2664","1"
"s2665","1"
"s2666","1"
"s2667","1"
"s2668","1"
"s2669","1"
"s2670","1"
"s2670","2"
"s2671","1"
"s2672","1"
"s2673","1"
"s2674","1"
"s2675","1"
"s2676","1"
"s2676","2"
"s2677","1"
"s2677","2"
"s2677","3"
"s2678","1"
"s2679","1"
"s2680","1"
"s2681","1"
"s2682","1"
"s2683","1"
"s2684","1"
"s2685","1"
"s2686","1"
"s2687","1"
"s2688","1"
"s2689","1"
"s2690","1"
"s2691","1"
"s2692","1"
"s2693","1"
"s2694","1"
"s2695","1"
"s2696","1"
"s2697","1"
"s2698","1"
"s2699","1"
"s2699","2"
"s2700","1"
"s2701","1"
"s2702","1"
"s2703","1"
"s2704","1"
"s2705","1"
"s2706","1"
"s2707","1"
"s2708","1"
"s2709","1"
"s2709","2"
"s2710","1"
"s2711","1"
"s2711","2"
"s2712","1"
"s2713","1"
"s2714","1"
"s2715","1"
"s2716","1"
"s2717","1"
"s2718","1"
"s2719","1"
"s2719","2"
"s2719","3"
"s2719","4"
"s2719","5"
"s2719","6"
"s2720","1"
"s2721","1"
"s2722","1"
"s2723","1"
"s2724","1"
"s2725","1"
"s2726","1"
"s2727","1"
"s2728","1"
"s2729","1"
"s2730","1"
"s2731","1"
"s2732","1"
"s2733","1"
"s2734","1"
"s2735","1"
"s2736","1"
"s2737","1"
"s2737","2"
"s2737","3"
"s2738","1"
"s2739","1"
"s2740","1"
"s2740","2"
"s2740","3"
"s2741","1"
"s2741","2"
"s2741","3"
"s2741","4"
"s2741","5"
"s2741","6"
"s2742","1"
"s2743","1"
"s2743","2"
"s2744","1"
"s2745","1"
"s2746","1"
"s2747","1"
"s2747","2"
"s2747","3"
"s2748","1"
"s2749","1"
"s2749","2"
"s2750","1"
"s2751","1"
"s2752","1"
"s2753","1"
"s2754","1"
"s2755","1"
"s2756","1"
"s2757","1"
"s2758","1"
"s2759","1"
"s2760","1"
"s2761","1"
"s2762","1"
"s2763","1"
"s2764","1"
"s2765","1"
"s2765","2"
"s2766","1"
"s2767","1"
"s2768","1"
"s2768","2"
"s2768","3"
"s2769","1"
"s2770","1"
"s2771","1"
"s2772","1"
"s2773","1"
"s2774","1"
"s2775","1"
"s2775","2"
"s2776","1"
"s2777","1"
"s2778","1"
"s2779","1"
"s2780","1"
"s2781","1"
"s2782","1"
"s2783","1"
"s2784","1"
"s2785","1"
"s2786","1"
"s2786","2"
"s2787","1"
"s2788","1"
"s2788","2"
"s2789","1"
"s2789","2"
"s2790","1"
"s2791","1"
"s2791","2"
"s2791","3"
"s2791","4"
"s2792","1"
"s2793","1"
"s2794","1"
"s2795","1"
"s2796","1"
"s2797","1"
"s2798","1"
"s2799","1"
"s2800","1"
"s2801","1"
"s2802","1"
"s2803","1"
"s2804","1"
"s2805","1"
"s2806","1"
"s2807","1"
"s2808","1"
"s2809","1"
"s2810","1"
"s2811","1"
"s2812","1"
"s2813","1"
"s2814","1"
"s2815","1"
"s2816","1"
"s2817","1"
"s2818","1"
"s2819","1"
"s2820","1"
"s2821","1"
"s2822","1"
"s2822","2"
"s2823","1"
"s2824","1"
"s2825","1"
"s2826","1"
"s2826","2"
"s2827","1"
"s2827","2"
"s2827","3"
"s2828","1"
"s2829","1"
"s2830","1"
"s2831","1"
"s2832","1"
"s2833","1"
"s2834","1"
"s2835","1"
"s2836","1"
"s2837","1"
"s2838","1"
"s2839","1"
"s2839","2"
"s2840","1"
"s2841","1"
"s2842","1"
"s2843","1"
"s2844","1"
"s2845","1"
"s2846","1"
"s2847","1"
"s2847","2"
"s2847","3"
"s2847","4"
"s2848","1"
"s2849","1"
"s2850","1"
"s2851","1"
"s2852","1"
"s2853","1"
"s2854","1"
"s2855","1"
"s2856","1"
"s2856","2"
"s2856","3"
"s2857","1"
"s2858","1"
"s2859","1"
"s2860","1"
"s2861","1"
"s2862","1"
"s2863","1"
"s2864","1"
"s2865","1"
"s2866","1"
"s2867","1"
"s2868","1"
"s2869","1"
"s2869","2"
"s2870","1"
"s2871","1"
"s2872","1"
"s2873","1"
"s2874","1"
"s2875","1"
"s2875","2"
"s2876","1"
"s2877","1"
"s2878","1"
"s2879","1"
"s2880","1"
"s2881","1"
"s2882","1"
"s2883","1"
"s2884","1"
"s2885","1"
"s2886","1"
"s2887","1"
"s2888","1"
"s2889","1"
"s2890","1"
"s2891","1"
"s2892","1"
"s2893","1"
"s2894","1"
"s2895","1"
"s2896","1"
"s2897","1"
"s2898","1"
"s2899","1"
"s2900","1"
"s2901","1"
"s2902","1"
"s2903","1"
"s2904","1"
"s2905","1"
"s2906","1"
"s2907","1"
"s2908","1"
"s2909","1"
"s2910","1"
"s2911","1"
"s2912","1"
"s2913","1"
"s2914","1"
"s2915","1"
"s2916","1"
"s2917","1"
"s2918","1"
"s2919","1"
"s2920","1"
"s2921","1"
"s2922","1"
"s2922","2"
"s2923","1"
"s2924","1"
"s2925","1"
"s2926","1"
"s2927","1"
"s2927","2"
"s2928","1"
"s2929","1"
"s2930","1"
"s2931","1"
"s2932","1"
"s2932","2"
"s2932","3"
"s2932","4"
"s2933","1"
"s2934","1"
"s2935","1"
"s2936","1"
"s2937","1"
"s2938","1"
"s2938","2"
"s2939","1"
"s2939","2"
"s2940","1"
"s2941","1"
"s2942","1"
"s2943","1"
"s2944","1"
"s2945","1"
"s2946","1"
"s2947","1"
"s2948","1"
"s2948","2"
"s2948","3"
"s2948","4"
"s2948","5"
"s2948","6"
"s2948","7"
"s2948","8"
"s2949","1"
"s2950","1"
"s2951","1"
"s2952","1"
"s2953","1"
"s2954","1"
"s2954","2"
"s2954","3"
"s2955","1"
"s2956","1"
"s2957","1"
"s2958","1"
"s2959","1"
"s2960","1"
"s2961","1"
"s2962","1"
"s2963","1"
"s2963","2"
"s2963","3"
"s2963","4"
"s2963","5"
"s2964","1"
"s2965","1"
"s2966","1"
"s2967","1"
"s2968","1"
"s2969","1"
"s2970","1"
"s2971","1"
"s2972","1"
"s2972","2"
"s2973","1"
"s2974","1"
"s2975","1"
"s2976","1"
"s2977","1"
"s2977","2"
"s2978","1"
"s2979","1"
"s2980","1"
"s2981","1"
"s2982","1"
"s2983","1"
"s2984","1"
"s2985","1"
"s2986","1"
"s2987","1"
"s2988","1"
"s2989","1"
"s2990","1"
"s2991","1"
"s2992","1"
"s2993","1"
"s2993","2"
"s2994","1"
"s2995","1"
"s2995","2"
"s2995","3"
"s2995","4"
"s2995","5"
"s2995","6"
"s2995","7"
"s2995","8"
"s2996","1"
"s2997","1"
"s2998","1"
"s2999","1"
"s2999","2"
"s3000","1"
"s3001","1"
"s3002","1"
"s3003","1"
"s3004","1"
"s3005","1"
"s3006","1"
"s3007","1"
"s3008","1"
"s3009","1"
"s3010","1"
"s3011","1"
"s3012","1"
"s3012","2"
"s3012","3"
"s3012","4"
"s3013","1"
"s3014","1"
"s3014","2"
"s3015","1"
"s3016","1"
"s3017","1"
"s3018","1"
"s3019","1"
"s3020","1"
"s3021","1"
"s3022","1"
"s3023","1"
"s3024","1"
"s3025","1"
"s3026","1"
"s3027","1"
"s3028","1"
"s3029","1"
"s3030","1"
"s3031","1"
"s3032","1"
"s3033","1"
"s3034","1"
"s3035","1"
"s3036","1"
"s3036","2"
"s3036","3"
"s3036","4"
"s3037","1"
"s3038","1"
"s3039","1"
"s3040","1"
"s3040","2"
"s3041","1"
"s3042","1"
"s3043","1"
"s3044","1"
"s3045","1"
"s3046","1"
"s3047","1"
"s3048","1"
"s3048","2"
"s3048","3"
"s3049","1"
"s3050","1"
"s3051","1"
"s3052","1"
"s3053","1"
"s3054","1"
"s3055","1"
"s3056","1"
"s3057","1"
"s3058","1"
"s3059","1"
"s3060","1"
"s3061","1"
"s3062","1"
"s3063","1"
"s3064","1"
"s3065","1"
"s3066","1"
"s3067","1"
"s3067","2"
"s3068","1"
"s3069","1"
"s3070","1"
"s3071","1"
"s3072","1"
"s3073","1"
"s3074","1"
"s3075","1"
"s3076","1"
"s3077","1"
"s3078","1"
"s3079","1"
"s3080","1"
"s3081","1"
"s3082","1"
"s3083","1"
"s3083","2"
"s3083","3"
"s3084","1"
"s3085","1"
"s3086","1"
"s3086","2"
"s3087","1"
"s3087","2"
"s3088","1"
"s3089","1"
"s3090","1"
"s3091","1"
"s3092","1"
"s3093","1"
"s3094","1"
"s3095","1"
"s3096","1"
"s3097","1"
"s3097","2"
"s3098","1"
"s3099","1"
"s3100","1"
"s3101","1"
"s3102","1"
"s3103","1"
"s3104","1"
"s3104","2"
"s3105","1"
"s3106","1"
"s3107","1"
"s3107","2"
"s3108","1"
"s3109","1"
"s3109","2"
"s3109","3"
"s3109","4"
"s3109","5"
"s3109","6"
"s3110","1"
"s3111","1"
"s3112","1"
"s3113","1"
"s3114","1"
"s3115","1"
"s3116","1"
"s3117","1"
"s3118","1"
"s3119","1"
"s3120","1"
"s3121","1"
"s3121","2"
"s3122","1"
"s3123","1"
"s3124","1"
"s3125","1"
"s3126","1"
"s3127","1"
"s3128","1"
"s3129","1"
"s3129","2"
"s3130","1"
"s3131","1"
"s3132","1"
"s3133","1"
"s3134","1"
"s3135","1"
"s3136","1"
"s3137","1"
"s3138","1"
"s3139","1"
"s3140","1"
"s3141","1"
"s3142","1"
"s3143","1"
"s3144","1"
"s3145","1"
"s3146","1"
"s3147","1"
"s3147","2"
"s3148","1"
"s3149","1"
"s3149","2"
"s3149","3"
"s3150","1"
"s3151","1"
"s3152","1"
"s3153","1"
"s3154","1"
"s3155","1"
"s3156","1"
"s3157","1"
"s3158","1"
"s3159","1"
"s3160","1"
"s3161","1"
"s3162","1"
"s3163","1"
"s3164","1"
"s3165","1"
"s3166","1"
"s3167","1"
"s3168","1"
"s3169","1"
"s3169","2"
"s3169","3"
"s3169","4"
"s3169","5"
"s3170","1"
"s3171","1"
"s3172","1"
"s3173","1"
"s3174","1"
"s3175","1"
"s3175","2"
"s3176","1"
"s3177","1"
"s3178","1"
"s3179","1"
"s3180","1"
"s3181","1"
"s3182","1"
"s3183","1"
"s3184","1"
"s3184","2"
"s3185","1"
"s3186","1"
"s3187","1"
"s3188","1"
"s3189","1"
"s3190","1"
"s3191","1"
"s3192","1"
"s3193","1"
"s3193","2"
"s3193","3"
"s3193","4"
"s3194","1"
"s3195","1"
"s3196","1"
"s3197","1"
"s3198","1"
"s3199","1"
"s3200","1"
"s3200","2"
"s3201","1"
"s3202","1"
"s3203","1"
"s3204","1"
"s3205","1"
"s3206","1"
"s3207","1"
"s3208","1"
"s3209","1"
"s3209","2"
"s3210","1"
"s3211","1"
"s3212","1"
"s3213","1"
"s3213","2"
"s3214","1"
"s3215","1"
"s3216","1"
"s3217","1"
"s3218","1"
"s3219","1"
"s3220","1"
"s3221","1"
"s3222","1"
"s3223","1"
"s3224","1"
"s3225","1"
"s3226","1"
"s3227","1"
"s3228","1"
"s3229","1"
"s3230","1"
"s3231","1"
"s3231","2"
"s3232","1"
"s3233","1"
"s3234","1"
"s3235","1"
"s3236","1"
"s3237","1"
"s3238","1"
"s3239","1"
"s3240","1"
"s3241","1"
"s3242","1"
"s3242","2"
"s3243","1"
"s3244","1"
"s3245","1"
"s3246","1"
"s3247","1"
"s3247","2"
"s3247","3"
"s3248","1"
"s3248","2"
"s3248","3"
"s3248","4"
"s3248","5"
"s3248","6"
"s3248","7"
"s3248","8"
"s3249","1"
"s3250","1"
"s3251","1"
"s3252","1"
"s3253","1"
"s3254","1"
"s3255","1"
"s3256","1"
"s3257","1"
"s3258","1"
"s3259","1"
"s3260","1"
"s3261","1"
"s3262","1"
"s3263","1"
"s3264","1"
"s3265","1"
"s3266","1"
"s3267","1"
"s3268","1"
"s3269","1"
"s3270","1"
"s3271","1"
"s3272","1"
"s3272","2"
"s3273","1"
"s3274","1"
"s3275","1"
"s3276","1"
"s3276","2"
"s3277","1"
"s3278","1"
"s3279","1"
"s3280","1"
"s3281","1"
"s3282","1"
"s3283","1"
"s3283","2"
"s3283","3"
"s3284","1"
"s3284","2"
"s3285","1"
"s3286","1"
"s3287","1"
"s3288","1"
"s3289","1"
"s3289","2"
"s3290","1"
"s3291","1"
"s3292","1"
"s3293","1"
"s3294","1"
"s3294","2"
"s3294","3"
"s3295","1"
"s3296","1"
"s3297","1"
"s3298","1"
"s3299","1"
"s3299","2"
"s3300","1"
"s3301","1"
"s3302","1"
"s3303","1"
"s3304","1"
"s3305","1"
"s3305","2"
"s3306","1"
"s3307","1"
"s3307","2"
"s3308","1"
"s3309","1"
"s3310","1"
"s3311","1"
"s3311","2"
"s3311","3"
"s3312","1"
"s3313","1"
"s3314","1"
"s3315","1"
"s3316","1"
"s3317","1"
"s3318","1"
"s3319","1"
"s3320","1"
"s3321","1"
"s3322","1"
"s3323","1"
"s3324","1"
"s3325","1"
"s3326","1"
"s3326","2"
"s3326","3"
"s3327","1"
"s3328","1"
"s3329","1"
"s3330","1"
"s3331","1"
"s3331","2"
"s3331","3"
"s3331","4"
"s3332","1"
"s3333","1"
"s3334","1"
"s3334","2"
"s3335","1"
"s3336","1"
"s3337","1"
"s3337","2"
"s3338","1"
"s3339","1"
"s3340","1"
"s3340","2"
"s3341","1"
"s3342","1"
"s3342","2"
"s3343","1"
"s3344","1"
"s3345","1"
"s3345","2"
"s3346","1"
"s3346","2"
"s3346","3"
"s3347","1"
"s3348","1"
"s3349","1"
"s3350","1"
"s3351","1"
"s3352","1"
"s3353","1"
"s3354","1"
"s3355","1"
"s3356","1"
"s3356","2"
"s3357","1"
"s3358","1"
"s3359","1"
"s3360","1"
"s3361","1"
"s3362","1"
"s3363","1"
"s3364","1"
"s3365","1"
"s3366","1"
"s3367","1"
"s3368","1"
"s3369","1"
"s3370","1"
"s3370","2"
"s3370","3"
"s3370","4"
"s3370","5"
"s3370","6"
"s3371","1"
"s3372","1"
"s3373","1"
"s3374","1"
"s3375","1"
"s3376","1"
"s3377","1"
"s3378","1"
"s3379","1"
"s3380","1"
"s3381","1"
"s3382","1"
"s3383","1"
"s3384","1"
"s3385","1"
"s3386","1"
"s3387","1"
"s3388","1"
"s3389","1"
"s3390","1"
"s3391","1"
"s3392","1"
"s3393","1"
"s3394","1"
"s3395","1"
"s3396","1"
"s3397","1"
"s3398","1"
"s3399","1"
"s3400","1"
"s3401","1"
"s3402","1"
"s3402","2"
"s3403","1"
"s3404","1"
"s3405","1"
"s3406","1"
"s3407","1"
"s3407","2"
"s3408","1"
"s3409","1"
"s3410","1"
"s3411","1"
"s3411","2"
"s3412","1"
"s3413","1"
"s3414","1"
"s3415","1"
"s3415","2"
"s3416","1"
"s3417","1"
"s3418","1"
"s3419","1"
"s3420","1"
"s3421","1"
"s3422","1"
"s3423","1"
"s3424","1"
"s3425","1"
"s3426","1"
"s3427","1"
"s3428","1"
"s3429","1"
"s3430","1"
"s3431","1"
"s3431","2"
"s3432","1"
"s3433","1"
"s3434","1"
"s3434","2"
"s3435","1"
"s3436","1"
"s3437","1"
"s3438","1"
"s3439","1"
"s3440","1"
"s3441","1"
"s3442","1"
"s3443","1"
"s3444","1"
"s3445","1"
"s3446","1"
"s3447","1"
"s3448","1"
"s3449","1"
"s3450","1"
"s3450","2"
"s3451","1"
"s3452","1"
"s3453","1"
"s3453","2"
"s3453","3"
"s3453","4"
"s3453","5"
"s3454","1"
"s3455","1"
"s3455","2"
"s3456","1"
"s3456","2"
"s3456","3"
"s3457","1"
"s3458","1"
"s3459","1"
"s3460","1"
"s3461","1"
"s3462","1"
"s3463","1"
"s3464","1"
"s3465","1"
"s3466","1"
"s3467","1"
"s3468","1"
"s3469","1"
"s3470","1"
"s3471","1"
"s3472","1"
"s3473","1"
"s3474","1"
"s3475","1"
"s3476","1"
"s3477","1"
"s3478","1"
"s3478","2"
"s3478","3"
"s3478","4"
"s3478","5"
"s3479","1"
"s3480","1"
"s3481","1"
"s3482","1"
"s3483","1"
"s3484","1"
"s3484","2"
"s3484","3"
"s3485","1"
"s3486","1"
"s3487","1"
"s3488","1"
"s3489","1"
"s3490","1"
"s3490","2"
"s3491","1"
"s3492","1"
"s3492","2"
"s3492","3"
"s3493","1"
"s3494","1"
"s3495","1"
"s3496","1"
"s3497","1"
"s3498","1"
"s3499","1"
"s3500","1"
"s3501","1"
"s3502","1"
"s3503","1"
"s3504","1"
"s3505","1"
"s3505","2"
"s3506","1"
"s3507","1"
"s3508","1"
"s3509","1"
"s3510","1"
"s3511","1"
"s3512","1"
"s3513","1"
"s3514","1"
"s3515","1"
"s3516","1"
"s3517","1"
"s3518","1"
"s3519","1"
"s3520","1"
"s3521","1"
"s3522","1"
"s3523","1"
"s3524","1"
"s3525","1"
"s3526","1"
"s3527","1"
"s3528","1"
"s3529","1"
"s3530","1"
"s3531","1"
"s3532","1"
"s3533","1"
"s3534","1"
"s3535","1"
"s3536","1"
"s3537","1"
"s3538","1"
"s3539","1"
"s3540","1"
"s3541","1"
"s3541","2"
"s3541","3"
"s3542","1"
"s3542","2"
"s3542","3"
"s3542","4"
"s3542","5"
"s3542","6"
"s3542","7"
"s3542","8"
"s3542","9"
"s3543","1"
"s3544","1"
"s3545","1"
"s3546","1"
"s3547","1"
"s3548","1"
"s3549","1"
"s3550","1"
"s3551","1"
"s3552","1"
"s3553","1"
"s3554","1"
"s3554","2"
"s3554","3"
"s3555","1"
"s3556","1"
"s3557","1"
"s3558","1"
"s3559","1"
"s3559","2"
"s3560","1"
"s3561","1"
"s3562","1"
"s3562","2"
"s3562","3"
"s3563","1"
"s3563","2"
"s3564","1"
"s3565","1"
"s3566","1"
"s3567","1"
"s3568","1"
"s3569","1"
"s3570","1"
"s3571","1"
"s3572","1"
"s3573","1"
"s3574","1"
"s3575","1"
"s3576","1"
"s3577","1"
"s3578","1"
"s3579","1"
"s3580","1"
"s3581","1"
"s3582","1"
"s3582","2"
"s3583","1"
"s3584","1"
"s3585","1"
"s3586","1"
"s3587","1"
"s3588","1"
"s3589","1"
"s3590","1"
"s3590","2"
"s3591","1"
"s3592","1"
"s3593","1"
"s3594","1"
"s3595","1"
"s3596","1"
"s3597","1"
"s3598","1"
"s3598","2"
"s3599","1"
"s3600","1"
"s3601","1"
"s3601","2"
"s3601","3"
"s3602","1"
"s3602","2"
"s3602","3"
"s3602","4"
"s3602","5"
"s3603","1"
"s3604","1"
"s3605","1"
"s3606","1"
"s3607","1"
"s3608","1"
"s3609","1"
"s3609","2"
"s3609","3"
"s3609","4"
"s3609","5"
"s3610","1"
"s3611","1"
"s3612","1"
"s3613","1"
"s3614","1"
"s3615","1"
"s3616","1"
"s3617","1"
"s3618","1"
"s3619","1"
"s3620","1"
"s3621","1"
"s3622","1"
"s3623","1"
"s3624","1"
"s3625","1"
"s3625","2"
"s3626","1"
"s3627","1"
"s3628","1"
"s3629","1"
"s3630","1"
"s3631","1"
"s3632","1"
"s3633","1"
"s3634","1"
"s3634","2"
"s3635","1"
"s3636","1"
"s3637","1"
"s3638","1"
"s3639","1"
"s3640","1"
"s3641","1"
"s3641","2"
"s3642","1"
"s3643","1"
"s3644","1"
"s3645","1"
"s3645","2"
"s3645","3"
"s3646","1"
"s3647","1"
"s3648","1"
"s3649","1"
"s3650","1"
"s3651","1"
"s3652","1"
"s3653","1"
"s3654","1"
"s3654","2"
"s3654","3"
"s3654","4"
"s3654","5"
"s3654","6"
"s3655","1"
"s3655","2"
"s3655","3"
"s3656","1"
"s3657","1"
"s3658","1"
"s3659","1"
"s3660","1"
"s3660","2"
"s3660","3"
"s3661","1"
"s3662","1"
"s3663","1"
"s3664","1"
"s3665","1"
"s3666","1"
"s3667","1"
"s3668","1"
"s3668","2"
"s3669","1"
"s3670","1"
"s3670","2"
"s3670","3"
"s3671","1"
"s3672","1"
"s3673","1"
"s3674","1"
"s3675","1"
"s3676","1"
"s3677","1"
"s3678","1"
"s3679","1"
"s3680","1"
"s3681","1"
"s3681","2"
"s3681","3"
"s3682","1"
"s3683","1"
"s3684","1"
"s3685","1"
"s3685","2"
"s3686","1"
"s3686","2"
"s3686","3"
"s3687","1"
"s3688","1"
"s3688","2"
"s3689","1"
"s3690","1"
"s3691","1"
"s3692","1"
"s3693","1"
"s3693","2"
"s3694","1"
"s3695","1"
"s3696","1"
"s3697","1"
"s3698","1"
"s3699","1"
"s3700","1"
"s3701","1"
"s3701","2"
"s3702","1"
"s3703","1"
"s3703","2"
"s3703","3"
"s3704","1"
"s3705","1"
"s3706","1"
"s3706","2"
"s3707","1"
"s3708","1"
"s3708","2"
"s3709","1"
"s3709","2"
"s3709","3"
"s3710","1"
"s3711","1"
"s3712","1"
"s3713","1"
"s3714","1"
"s3715","1"
"s3716","1"
"s3717","1"
"s3717","2"
"s3718","1"
"s3719","1"
"s3720","1"
"s3721","1"
"s3722","1"
"s3722","2"
"s3723","1"
"s3723","2"
"s3724","1"
"s3724","2"
"s3725","1"
"s3726","1"
"s3726","2"
"s3726","3"
"s3727","1"
"s3727","2"
"s3728","1"
"s3728","2"
"s3729","1"
"s3730","1"
"s3731","1"
"s3732","1"
"s3733","1"
"s3734","1"
"s3735","1"
"s3736","1"
"s3737","1"
"s3737","2"
"s3738","1"
"s3739","1"
"s3740","1"
"s3741","1"
"s3742","1"
"s3743","1"
"s3744","1"
"s3745","1"
"s3746","1"
"s3747","1"
"s3747","2"
"s3748","1"
"s3749","1"
"s3749","2"
"s3750","1"
"s3750","2"
"s3750","3"
"s3750","4"
"s3750","5"
"s3751","1"
"s3752","1"
"s3752","2"
"s3753","1"
"s3753","2"
"s3753","3"
"s3754","1"
"s3755","1"
"s3756","1"
"s3757","1"
"s3758","1"
"s3759","1"
"s3760","1"
"s3761","1"
"s3762","1"
"s3763","1"
"s3763","2"
"s3763","3"
"s3764","1"
"s3765","1"
"s3766","1"
"s3767","1"
"s3768","1"
"s3769","1"
"s3770","1"
"s3771","1"
"s3772","1"
"s3773","1"
"s3774","1"
"s3775","1"
"s3775","2"
"s3775","3"
"s3775","4"
"s3775","5"
"s3776","1"
"s3777","1"
"s3778","1"
"s3779","1"
"s3779","2"
"s3779","3"
"s3780","1"
"s3781","1"
"s3782","1"
"s3783","1"
"s3784","1"
"s3785","1"
"s3785","2"
"s3786","1"
"s3787","1"
"s3788","1"
"s3788","2"
"s3789","1"
"s3790","1"
"s3791","1"
"s3792","1"
"s3793","1"
"s3794","1"
"s3795","1"
"s3796","1"
"s3797","1"
"s3798","1"
"s3799","1"
"s3800","1"
"s3800","2"
"s3801","1"
"s3802","1"
"s3803","1"
"s3804","1"
"s3805","1"
"s3806","1"
"s3807","1"
"s3807","2"
"s3808","1"
"s3808","2"
"s3809","1"
"s3810","1"
"s3811","1"
"s3812","1"
"s3813","1"
"s3814","1"
"s3815","1"
"s3816","1"
"s3817","1"
"s3818","1"
"s3818","2"
"s3819","1"
"s3820","1"
"s3821","1"
"s3822","1"
"s3823","1"
"s3824","1"
"s3825","1"
"s3826","1"
"s3827","1"
"s3828","1"
"s3829","1"
"s3830","1"
"s3831","1"
"s3832","1"
"s3833","1"
"s3834","1"
"s3835","1"
"s3836","1"
"s3836","2"
"s3836","3"
"s3837","1"
"s3838","1"
"s3839","1"
"s3839","2"
"s3840","1"
"s3841","1"
"s3842","1"
"s3843","1"
"s3844","1"
"s3845","1"
"s3846","1"
"s3847","1"
"s3848","1"
"s3849","1"
"s3850","1"
"s3851","1"
"s3852","1"
"s3853","1"
"s3854","1"
"s3855","1"
"s3856","1"
"s3857","1"
"s3858","1"
"s3859","1"
"s3860","1"
"s3861","1"
"s3862","1"
"s3862","2"
"s3863","1"
"s3864","1"
"s3865","1"
"s3866","1"
"s3867","1"
"s3868","1"
"s3869","1"
"s3870","1"
"s3871","1"
"s3871","2"
"s3872","1"
"s3873","1"
"s3874","1"
"s3875","1"
"s3876","1"
"s3877","1"
"s3878","1"
"s3879","1"
"s3880","1"
"s3881","1"
"s3882","1"
"s3883","1"
"s3884","1"
"s3885","1"
"s3885","2"
"s3885","3"
"s3886","1"
"s3887","1"
"s3887","2"
"s3887","3"
"s3887","4"
"s3887","5"
"s3888","1"
"s3889","1"
"s3890","1"
"s3891","1"
"s3892","1"
"s3893","1"
"s3894","1"
"s3895","1"
"s3896","1"
"s3897","1"
"s3898","1"
"s3899","1"
"s3900","1"
"s3901","1"
"s3902","1"
"s3903","1"
"s3903","2"
"s3904","1"
"s3905","1"
"s3906","1"
"s3907","1"
"s3908","1"
"s3909","1"
"s3910","1"
"s3911","1"
"s3912","1"
"s3913","1"
"s3914","1"
"s3915","1"
"s3916","1"
"s3917","1"
"s3918","1"
"s3919","1"
"s3920","1"
"s3921","1"
"s3921","2"
"s3921","3"
"s3921","4"
"s3922","1"
"s3923","1"
"s3924","1"
"s3925","1"
"s3926","1"
"s3927","1"
"s3928","1"
"s3928","2"
"s3928","3"
"s3928","4"
"s3928","5"
"s3928","6"
"s3928","7"
"s3929","1"
"s3930","1"
"s3931","1"
"s3932","1"
"s3933","1"
"s3934","1"
"s3935","1"
"s3936","1"
"s3937","1"
"s3937","2"
"s3937","3"
"s3938","1"
"s3938","2"
"s3939","1"
"s3940","1"
"s3941","1"
"s3942","1"
"s3943","1"
"s3943","2"
"s3943","3"
"s3944","1"
"s3944","2"
"s3944","3"
"s3944","4"
"s3944","5"
"s3944","6"
"s3944","7"
"s3944","8"
"s3945","1"
"s3946","1"
"s3947","1"
"s3948","1"
"s3949","1"
"s3950","1"
"s3951","1"
"s3952","1"
"s3953","1"
"s3954","1"
"s3955","1"
"s3956","1"
"s3957","1"
"s3958","1"
"s3959","1"
"s3960","1"
"s3961","1"
"s3962","1"
"s3963","1"
"s3964","1"
"s3965","1"
"s3966","1"
"s3966","2"
"s3966","3"
"s3967","1"
"s3968","1"
"s3969","1"
"s3970","1"
"s3971","1"
"s3971","2"
"s3971","3"
"s3972","1"
"s3972","2"
"s3973","1"
"s3974","1"
"s3975","1"
"s3976","1"
"s3977","1"
"s3978","1"
"s3979","1"
"s3980","1"
"s3981","1"
"s3982","1"
"s3983","1"
"s3984","1"
"s3985","1"
"s3986","1"
"s3987","1"
"s3987","2"
"s3988","1"
"s3989","1"
"s3990","1"
"s3991","1"
"s3992","1"
"s3993","1"
"s3994","1"
"s3995","1"
"s3996","1"
"s3997","1"
"s3998","1"
"s3999","1"
"s4000","1"